2011 output area,All categories: General health,Very good health,Good health,Fair health,Bad health,Very bad health
E00056750,279,119,100,44,13,3
E00056751,296,166,103,20,5,2
E00056752,407,203,150,43,8,3
E00056753,246,54,87,74,22,9
E00056754,272,138,106,24,1,3
E00056755,312,129,118,45,16,4
E00056756,371,164,111,59,27,10
E00056757,292,154,103,22,12,1
E00056758,342,185,116,34,4,3
E00056759,255,140,94,14,5,2
E00056760,278,126,111,34,6,1
E00056761,257,156,67,27,5,2
E00056762,482,257,173,46,2,4
E00056763,336,191,112,31,1,1
E00056764,371,232,113,17,6,3
E00056765,342,165,141,28,6,2
E00056766,270,113,98,46,11,2
E00056767,259,106,101,38,12,2
E00056768,271,128,87,42,8,6
E00056769,297,122,126,30,15,4
E00056770,303,139,112,37,11,4
E00056771,281,99,130,36,13,3
E00056772,356,199,112,35,5,5
E00056773,310,182,91,32,4,1
E00056774,177,67,70,28,12,0
E00056775,279,148,89,35,4,3
E00056776,295,114,99,64,17,1
E00056777,261,112,103,30,13,3
E00056778,106,68,23,15,0,0
E00056779,330,149,135,40,6,0
E00056780,154,71,56,22,4,1
E00056781,314,155,117,35,4,3
E00056782,284,131,95,41,13,4
E00056783,299,162,109,22,5,1
E00056784,235,124,90,17,3,1
E00056786,270,108,99,50,12,1
E00056787,203,96,65,31,8,3
E00056788,266,115,99,35,10,7
E00056789,326,114,108,72,24,8
E00056790,405,177,140,74,13,1
E00056792,331,146,128,38,12,7
E00056793,304,177,97,24,3,3
E00056794,291,164,88,33,5,1
E00056795,294,129,82,37,32,14
E00056796,256,104,99,38,12,3
E00056797,262,155,73,30,3,1
E00056798,229,122,70,24,12,1
E00056799,284,136,103,29,12,4
E00056800,289,101,69,82,29,8
E00056801,254,144,87,19,3,1
E00056802,324,185,105,29,3,2
E00056803,275,118,106,40,10,1
E00056804,301,193,80,22,5,1
E00056805,318,115,97,74,26,6
E00056806,239,69,84,53,24,9
E00056807,285,177,79,23,5,1
E00056808,258,130,93,26,8,1
E00056809,270,121,88,35,18,8
E00056810,259,148,86,19,4,2
E00056811,360,205,127,22,6,0
E00056812,299,136,97,46,13,7
E00056813,310,196,87,19,6,2
E00056814,258,122,92,31,11,2
E00056815,296,173,101,21,1,0
E00056816,311,115,106,65,20,5
E00056817,310,135,127,39,7,2
E00056818,196,98,74,20,3,1
E00056819,221,74,69,54,21,3
E00056820,248,133,74,32,7,2
E00056821,211,83,91,26,10,1
E00056822,438,272,126,33,6,1
E00056823,310,169,100,30,10,1
E00056825,232,116,78,31,5,2
E00056827,235,102,83,33,13,4
E00056828,219,99,88,23,4,5
E00056829,252,125,87,23,12,5
E00056830,338,147,122,39,27,3
E00056831,244,105,95,33,10,1
E00056832,256,125,91,29,9,2
E00056833,260,156,79,23,2,0
E00056834,402,254,115,24,8,1
E00056835,326,172,96,43,13,2
E00056836,274,145,89,36,3,1
E00056837,230,117,74,26,11,2
E00056838,288,182,79,18,4,5
E00056839,401,184,136,53,23,5
E00056840,373,169,116,52,25,11
E00056841,289,143,100,39,7,0
E00056842,325,151,127,35,8,4
E00056843,370,183,131,41,10,5
E00056845,293,134,104,36,13,6
E00056846,348,134,142,49,18,5
E00056847,328,116,126,64,18,4
E00056848,257,96,78,46,28,9
E00056849,278,100,87,49,26,16
E00056850,308,163,92,39,11,3
E00056851,297,134,120,32,8,3
E00056852,419,210,130,55,19,5
E00056853,305,144,115,38,6,2
E00056854,254,117,93,38,4,2
E00056855,232,107,77,27,16,5
E00056856,291,161,93,31,4,2
E00056858,247,136,83,20,7,1
E00056859,253,113,80,42,17,1
E00056861,270,113,108,39,7,3
E00056862,396,143,164,66,18,5
E00056863,243,110,93,29,10,1
E00056864,304,123,117,49,11,4
E00056865,291,119,130,30,10,2
E00056866,243,93,95,37,14,4
E00056867,301,176,100,23,2,0
E00056868,312,137,121,43,9,2
E00056869,332,158,117,37,15,5
E00056871,216,86,81,33,15,1
E00056873,327,185,114,24,3,1
E00056874,409,180,152,56,10,11
E00056875,249,105,104,33,5,2
E00056876,395,157,145,65,20,8
E00056877,254,94,85,55,16,4
E00056878,310,128,122,48,11,1
E00056879,263,136,85,33,9,0
E00056880,256,122,101,28,4,1
E00056881,175,57,66,34,15,3
E00056882,289,148,89,33,14,5
E00056883,286,76,82,73,41,14
E00056884,355,168,130,42,12,3
E00056885,276,142,77,34,18,5
E00056886,148,22,52,41,20,13
E00056887,417,233,153,22,7,2
E00056888,203,84,77,30,10,2
E00056889,297,132,134,26,2,3
E00056890,264,146,88,23,5,2
E00056891,214,71,75,44,11,13
E00056892,289,135,94,44,11,5
E00056893,325,150,119,40,13,3
E00056894,407,145,188,52,19,3
E00056895,184,59,62,40,14,9
E00056897,247,104,67,46,15,15
E00056898,310,129,115,48,15,3
E00056899,290,117,124,36,11,2
E00056900,198,58,89,38,10,3
E00056901,203,58,74,49,17,5
E00056902,294,135,118,29,11,1
E00056903,424,187,165,51,18,3
E00056904,287,107,97,66,10,7
E00056905,258,91,99,47,16,5
E00056906,338,111,128,63,28,8
E00056907,235,72,93,49,18,3
E00056908,177,63,63,36,13,2
E00056909,385,229,121,26,7,2
E00056910,214,73,87,36,15,3
E00056911,220,84,84,34,14,4
E00056912,315,168,98,37,10,2
E00056913,353,184,114,38,13,4
E00056914,294,134,98,43,14,5
E00056915,308,150,110,36,10,2
E00056916,165,47,52,46,17,3
E00056917,310,137,122,44,5,2
E00056918,357,175,113,53,13,3
E00056919,248,71,103,66,7,1
E00056920,368,158,140,48,17,5
E00056921,361,193,124,35,8,1
E00056922,282,114,99,50,16,3
E00056923,292,130,102,43,11,6
E00056924,311,150,102,47,12,0
E00056925,304,152,111,29,11,1
E00056926,223,85,61,48,19,10
E00056927,387,203,132,43,7,2
E00056928,260,80,96,56,25,3
E00056929,305,123,124,44,10,4
E00056930,275,105,87,54,24,5
E00056931,322,167,109,38,7,1
E00056932,299,129,111,49,10,0
E00056933,276,138,74,45,17,2
E00056934,247,115,94,25,10,3
E00056935,225,111,78,28,4,4
E00056936,288,130,103,39,13,3
E00056937,160,59,52,26,20,3
E00056938,305,122,117,42,16,8
E00056939,347,209,98,30,8,2
E00056940,309,157,101,36,13,2
E00056941,405,192,127,44,31,11
E00056942,330,171,123,27,5,4
E00056943,348,178,124,33,11,2
E00056944,238,93,83,45,15,2
E00056945,283,104,108,52,16,3
E00056946,341,184,110,33,9,5
E00056947,335,167,112,45,10,1
E00056948,337,193,111,24,7,2
E00056949,167,72,58,30,5,2
E00056950,265,126,88,36,12,3
E00056951,274,122,102,39,11,0
E00056952,288,133,95,44,14,2
E00056953,260,112,97,42,5,4
E00056954,279,149,108,16,3,3
E00056955,312,159,103,37,11,2
E00056956,240,86,99,36,16,3
E00056957,280,157,88,23,11,1
E00056958,311,125,113,52,21,0
E00056959,181,94,61,24,2,0
E00056960,394,187,126,47,26,8
E00056961,323,182,97,29,13,2
E00056962,355,159,131,40,19,6
E00056963,384,211,117,45,8,3
E00056964,340,154,112,51,18,5
E00056965,296,105,98,65,19,9
E00056966,279,87,76,68,31,17
E00056967,239,118,77,35,8,1
E00056968,411,258,105,42,6,0
E00056969,242,129,86,18,7,2
E00056970,326,189,105,23,5,4
E00056971,215,97,78,31,7,2
E00056972,172,112,53,7,0,0
E00056973,231,161,56,10,4,0
E00056974,325,154,105,44,18,4
E00056975,355,176,95,61,18,5
E00056976,439,247,148,34,7,3
E00056977,238,159,55,16,7,1
E00056978,289,178,75,25,5,6
E00056979,344,198,95,40,8,3
E00056981,304,138,103,43,16,4
E00056982,336,157,100,52,14,13
E00056983,307,134,111,45,10,7
E00056984,264,85,89,57,27,6
E00056985,287,123,93,56,13,2
E00056986,312,151,95,44,12,10
E00056987,317,141,110,49,11,6
E00056988,337,121,109,56,32,19
E00056989,335,144,130,49,10,2
E00056990,255,112,80,42,18,3
E00056991,355,168,112,51,21,3
E00056992,363,147,142,51,13,10
E00056993,336,156,136,32,7,5
E00056994,324,122,132,54,13,3
E00056995,305,126,117,41,18,3
E00056997,262,127,87,36,8,4
E00056998,524,264,167,54,27,12
E00056999,291,145,108,32,6,0
E00057000,279,110,97,55,14,3
E00057001,365,171,130,45,15,4
E00057002,239,105,100,23,10,1
E00057003,310,144,111,37,14,4
E00057004,190,69,75,31,9,6
E00057005,195,64,68,44,16,3
E00057006,242,94,80,50,14,4
E00057007,273,104,98,57,11,3
E00057008,245,107,98,26,9,5
E00057009,327,148,113,52,12,2
E00057010,257,84,114,43,15,1
E00057011,430,206,158,43,19,4
E00057012,342,167,99,51,17,8
E00057013,139,60,53,15,10,1
E00057014,417,195,123,50,34,15
E00057015,257,95,108,33,13,8
E00057016,343,147,145,35,15,1
E00057017,309,149,102,49,6,3
E00057018,243,114,93,26,5,5
E00057019,304,115,129,41,15,4
E00057020,270,122,93,39,13,3
E00057021,289,133,108,34,11,3
E00057022,288,134,104,37,12,1
E00057023,312,127,118,49,17,1
E00057024,328,120,122,68,11,7
E00057025,305,146,120,30,8,1
E00057026,307,128,111,51,11,6
E00057027,390,187,120,53,25,5
E00057028,317,158,120,27,9,3
E00057029,376,194,124,43,11,4
E00057030,228,77,68,50,26,7
E00057031,298,140,104,39,12,3
E00057032,389,180,124,49,25,11
E00057033,211,73,65,35,33,5
E00057034,413,196,130,62,20,5
E00057035,355,164,137,37,13,4
E00057036,373,154,139,52,20,8
E00057037,333,149,120,46,16,2
E00057038,335,142,116,50,20,7
E00057039,260,97,88,48,20,7
E00057040,298,116,98,60,15,9
E00057041,300,127,121,41,10,1
E00057042,308,133,106,45,20,4
E00057043,291,128,90,52,14,7
E00057044,263,124,87,42,7,3
E00057045,292,132,108,37,11,4
E00057046,288,142,93,39,13,1
E00057047,292,128,114,31,15,4
E00057048,402,182,159,47,12,2
E00057049,395,187,134,42,25,7
E00057050,253,98,94,43,15,3
E00057051,456,240,167,35,8,6
E00057052,299,129,107,48,13,2
E00057053,228,97,67,41,22,1
E00057054,272,153,82,24,11,2
E00057055,304,152,75,56,16,5
E00057056,302,115,118,46,18,5
E00057057,250,119,96,31,4,0
E00057058,308,146,110,36,13,3
E00057059,241,97,89,39,14,2
E00057060,262,127,102,25,6,2
E00057062,335,175,101,42,8,9
E00057063,246,98,98,36,8,6
E00057064,279,128,93,41,15,2
E00057065,199,106,61,25,7,0
E00057066,328,105,108,72,31,12
E00057067,416,225,114,43,26,8
E00057068,254,108,85,44,14,3
E00057069,288,126,119,31,10,2
E00057070,257,111,94,33,15,4
E00057071,225,96,61,51,14,3
E00057072,192,91,60,29,11,1
E00057073,289,114,125,34,9,7
E00057074,217,81,68,47,17,4
E00057075,319,170,109,29,10,1
E00057076,289,143,93,29,19,5
E00057077,270,126,94,38,9,3
E00057078,210,100,73,22,9,6
E00057079,232,110,72,32,14,4
E00057080,245,100,97,37,9,2
E00057081,297,158,92,33,14,0
E00057082,234,96,92,29,11,6
E00057083,246,91,75,41,31,8
E00057084,214,103,77,21,11,2
E00057085,252,106,90,35,14,7
E00057086,240,115,75,34,14,2
E00057087,286,106,119,51,7,3
E00057088,312,146,99,42,17,8
E00057089,245,85,84,40,29,7
E00057090,259,125,89,31,11,3
E00057091,318,148,102,53,12,3
E00057092,366,183,130,36,11,6
E00057093,251,73,78,64,29,7
E00057094,276,121,106,39,8,2
E00057095,201,71,66,47,15,2
E00057096,288,127,98,43,15,5
E00057097,249,101,85,43,15,5
E00057098,231,75,95,50,9,2
E00057099,246,90,101,39,14,2
E00057100,234,110,79,30,13,2
E00057101,268,128,107,24,5,4
E00057102,225,75,79,49,18,4
E00057103,213,112,76,18,6,1
E00057104,260,89,86,48,32,5
E00057105,219,104,89,23,2,1
E00057106,208,78,69,41,20,0
E00057107,265,115,80,47,17,6
E00057108,236,79,99,44,12,2
E00057109,374,190,128,37,12,7
E00057110,311,121,108,59,17,6
E00057111,321,159,86,59,12,5
E00057112,246,103,58,60,14,11
E00057113,226,137,68,16,3,2
E00057114,278,132,95,33,11,7
E00057115,244,112,83,31,14,4
E00057116,313,147,109,43,11,3
E00057117,213,76,103,22,10,2
E00057118,284,144,95,35,9,1
E00057119,230,98,78,32,18,4
E00057120,219,65,67,52,23,12
E00057121,214,91,90,26,5,2
E00057122,256,99,90,46,15,6
E00057123,270,117,105,39,5,4
E00057124,343,141,135,40,23,4
E00057125,335,164,105,46,15,5
E00057126,336,165,105,43,17,6
E00057127,297,114,117,40,19,7
E00057128,266,107,112,38,6,3
E00057129,219,69,77,39,25,9
E00057130,320,151,93,47,18,11
E00057131,313,144,104,50,12,3
E00057132,300,125,103,51,15,6
E00057133,270,130,82,38,15,5
E00057134,397,203,122,50,18,4
E00057135,344,159,104,45,26,10
E00057136,327,160,123,33,9,2
E00057137,317,164,100,36,14,3
E00057138,326,109,83,72,55,7
E00057139,320,148,126,36,9,1
E00057140,324,152,99,44,22,7
E00057141,316,151,103,40,19,3
E00057142,192,88,54,36,14,0
E00057144,248,123,77,31,14,3
E00057145,373,149,135,62,21,6
E00057146,208,50,57,53,38,10
E00057147,247,99,88,39,11,10
E00057148,269,107,116,34,11,1
E00057149,283,135,101,24,22,1
E00057150,230,97,78,34,19,2
E00057151,401,198,126,45,23,9
E00057152,189,89,62,34,2,2
E00057153,310,112,111,56,22,9
E00057154,294,127,89,54,18,6
E00057155,290,155,77,36,21,1
E00057156,249,95,85,56,11,2
E00057157,285,129,103,41,10,2
E00057158,282,100,87,60,28,7
E00057159,289,149,91,31,14,4
E00057160,313,137,102,47,22,5
E00057161,264,114,83,44,18,5
E00057162,292,144,84,38,22,4
E00057163,331,166,95,45,17,8
E00057164,257,73,78,55,42,9
E00057165,268,147,74,26,13,8
E00057166,311,131,115,47,14,4
E00057167,262,86,92,44,36,4
E00057169,293,90,130,46,24,3
E00057170,396,163,107,86,30,10
E00057171,354,154,109,51,29,11
E00057172,382,156,129,70,19,8
E00057173,263,78,93,58,26,8
E00057175,293,84,102,58,36,13
E00057176,223,98,78,31,13,3
E00057177,362,151,126,58,20,7
E00057178,361,175,122,44,14,6
E00057179,587,315,200,51,18,3
E00057180,234,104,77,35,14,4
E00057181,209,26,53,62,51,17
E00057182,221,51,81,48,28,13
E00057183,197,63,82,28,16,8
E00057184,196,80,67,33,13,3
E00057185,252,103,92,31,21,5
E00057186,254,94,77,58,18,7
E00057187,355,169,113,60,9,4
E00057188,291,151,96,26,16,2
E00057189,318,125,120,51,18,4
E00057190,267,119,77,51,14,6
E00057191,243,113,74,35,16,5
E00057192,258,134,82,34,4,4
E00057193,258,156,83,17,1,1
E00057194,257,113,81,42,17,4
E00057195,320,183,83,40,12,2
E00057196,265,124,98,32,7,4
E00057197,284,156,81,38,5,4
E00057198,409,215,131,40,16,7
E00057199,335,170,78,56,26,5
E00057200,395,171,149,44,19,12
E00057202,367,175,122,38,20,12
E00057204,449,192,132,82,38,5
E00057205,322,181,93,39,9,0
E00057206,232,88,91,33,17,3
E00057207,224,149,58,12,5,0
E00057208,411,197,129,55,28,2
E00057209,318,149,106,43,15,5
E00057210,394,210,121,48,13,2
E00057211,314,162,96,42,12,2
E00057212,267,135,85,27,17,3
E00057213,371,168,141,47,9,6
E00057214,279,133,89,36,14,7
E00057215,324,144,114,52,11,3
E00057216,367,161,118,66,14,8
E00057217,429,194,160,53,17,5
E00057218,324,147,101,49,19,8
E00057220,465,201,167,65,24,8
E00057221,297,108,110,59,15,5
E00057222,468,187,177,81,16,7
E00057223,396,174,120,70,22,10
E00057225,571,255,201,82,24,9
E00057226,326,120,110,63,24,9
E00057227,344,221,92,18,10,3
E00057228,311,184,88,27,10,2
E00057229,264,134,88,25,10,7
E00057230,270,164,82,17,6,1
E00057231,380,231,114,24,9,2
E00057232,420,225,136,42,12,5
E00057233,249,122,85,32,7,3
E00057234,293,135,94,46,15,3
E00057235,292,191,82,17,2,0
E00057236,305,158,100,31,12,4
E00057238,302,158,99,36,6,3
E00057239,298,147,118,27,4,2
E00057240,177,70,56,40,6,5
E00057241,322,158,104,42,15,3
E00057242,285,114,108,35,25,3
E00057244,449,286,124,33,5,1
E00057245,345,151,110,51,26,7
E00057246,151,21,38,55,25,12
E00057247,283,163,79,30,8,3
E00057248,279,126,71,42,30,10
E00057249,289,158,90,25,14,2
E00057250,240,95,70,44,25,6
E00057251,293,125,119,27,16,6
E00057252,315,158,111,34,10,2
E00057253,321,164,100,45,11,1
E00057254,368,173,114,47,27,7
E00057255,455,236,132,60,24,3
E00057256,210,100,64,29,17,0
E00057257,265,115,78,49,15,8
E00057258,242,94,102,32,10,4
E00057259,196,97,60,24,12,3
E00057261,203,93,64,29,14,3
E00057262,358,133,150,53,19,3
E00057264,340,138,119,54,27,2
E00057265,329,147,110,52,16,4
E00057266,394,184,163,32,12,3
E00057267,308,137,124,35,12,0
E00057268,188,82,63,30,12,1
E00057269,177,82,44,31,14,6
E00057270,373,144,136,69,19,5
E00057271,208,71,81,38,17,1
E00057272,357,154,122,49,26,6
E00057273,319,145,119,41,11,3
E00057274,250,84,82,46,33,5
E00057275,209,79,80,32,15,3
E00057276,302,129,118,40,13,2
E00057277,190,67,78,27,12,6
E00057278,216,79,91,30,16,0
E00057280,186,92,59,24,9,2
E00057281,317,129,124,40,21,3
E00057282,232,87,102,29,14,0
E00057283,266,116,100,33,13,4
E00057284,246,126,71,30,18,1
E00057285,355,148,140,47,11,9
E00057286,230,113,82,26,5,4
E00057287,453,220,149,53,22,9
E00057288,242,97,104,30,10,1
E00057289,362,122,108,89,28,15
E00057290,399,187,128,42,34,8
E00057291,338,159,117,43,13,6
E00057292,280,116,107,43,14,0
E00057293,253,107,91,38,12,5
E00057294,282,145,81,34,17,5
E00057295,214,47,75,62,26,4
E00057296,359,161,137,47,10,4
E00057297,172,92,48,17,13,2
E00057298,300,154,100,31,13,2
E00057300,267,81,109,50,20,7
E00057303,250,120,81,40,7,2
E00057304,341,119,117,64,33,8
E00057305,216,89,66,38,18,5
E00057307,195,78,66,33,13,5
E00057309,355,149,120,56,27,3
E00057310,307,141,100,46,16,4
E00057311,102,15,33,25,21,8
E00057312,187,17,56,70,32,12
E00057313,305,131,110,40,12,12
E00057315,225,100,77,26,18,4
E00057316,256,121,97,31,5,2
E00057321,411,192,141,54,20,4
E00057322,259,117,83,34,23,2
E00057323,308,115,130,40,19,4
E00057325,216,37,62,74,33,10
E00057326,154,69,51,21,9,4
E00057327,124,51,40,19,10,4
E00057328,275,111,85,48,23,8
E00057329,222,94,77,36,13,2
E00057330,248,84,103,41,17,3
E00057331,201,95,61,28,11,6
E00057332,214,60,66,57,27,4
E00057333,256,98,87,43,26,2
E00057334,307,181,81,34,10,1
E00057335,357,179,123,37,15,3
E00057336,298,138,122,23,9,6
E00057337,284,144,100,31,5,4
E00057338,274,119,88,50,11,6
E00057339,312,167,97,34,13,1
E00057340,271,120,88,46,16,1
E00057341,279,150,102,23,2,2
E00057342,269,131,104,28,3,3
E00057343,333,182,113,32,4,2
E00057344,252,103,88,38,20,3
E00057345,251,98,86,41,20,6
E00057346,337,161,104,51,19,2
E00057347,269,139,79,31,13,7
E00057348,225,101,88,22,9,5
E00057349,320,129,120,56,10,5
E00057350,241,124,90,22,4,1
E00057351,202,95,61,28,14,4
E00057352,324,159,111,41,8,5
E00057353,310,179,96,27,7,1
E00057354,281,133,105,32,8,3
E00057355,253,108,90,41,11,3
E00057356,230,103,81,31,10,5
E00057357,287,124,106,39,14,4
E00057358,212,100,88,20,4,0
E00057359,246,128,87,27,4,0
E00057360,338,183,107,33,12,3
E00057361,347,180,126,34,5,2
E00057362,200,104,71,20,5,0
E00057363,216,78,67,34,31,6
E00057364,189,43,79,44,20,3
E00057365,220,98,80,33,8,1
E00057366,229,66,97,50,14,2
E00057367,270,119,104,36,9,2
E00057368,208,83,54,49,18,4
E00057369,209,57,89,45,10,8
E00057370,297,129,96,49,16,7
E00057371,232,102,79,39,9,3
E00057372,296,140,107,41,7,1
E00057374,294,132,99,48,8,7
E00057375,328,160,109,47,11,1
E00057376,297,166,72,38,19,2
E00057377,293,131,99,44,15,4
E00057378,307,165,85,45,7,5
E00057379,364,218,114,23,9,0
E00057380,324,203,90,26,3,2
E00057382,288,164,80,34,7,3
E00057383,238,97,88,29,17,7
E00057384,277,117,110,42,7,1
E00057385,231,61,84,60,22,4
E00057386,266,114,104,33,15,0
E00057387,188,89,60,25,12,2
E00057388,193,93,64,27,5,4
E00057389,286,137,92,38,11,8
E00057390,322,154,119,37,11,1
E00057391,265,128,80,36,18,3
E00057392,295,155,93,37,6,4
E00057393,301,118,117,50,13,3
E00057394,286,139,85,48,12,2
E00057395,262,104,92,45,17,4
E00057396,325,168,110,38,7,2
E00057397,301,153,112,28,6,2
E00057398,281,129,101,36,13,2
E00057399,378,235,106,30,6,1
E00057400,350,203,91,45,8,3
E00057401,327,175,109,36,6,1
E00057402,221,89,94,28,9,1
E00057403,306,158,104,36,8,0
E00057404,181,64,52,47,16,2
E00057405,304,135,92,57,16,4
E00057406,382,200,107,63,8,4
E00057407,235,110,75,35,12,3
E00057408,362,226,103,23,8,2
E00057409,369,202,124,29,13,1
E00057410,292,140,102,42,7,1
E00057411,399,223,118,43,13,2
E00057412,289,161,85,28,13,2
E00057413,296,167,102,17,6,4
E00057414,321,169,122,27,2,1
E00057415,224,60,62,69,29,4
E00057416,307,148,112,37,8,2
E00057417,345,172,119,40,11,3
E00057418,328,147,133,44,3,1
E00057419,286,159,97,26,3,1
E00057420,322,133,138,38,10,3
E00057421,340,159,116,41,22,2
E00057422,321,196,94,24,2,5
E00057423,338,198,98,31,7,4
E00057424,281,144,86,35,13,3
E00057425,319,145,94,52,19,9
E00057426,311,155,85,45,23,3
E00057427,267,100,104,49,11,3
E00057428,270,123,95,39,12,1
E00057429,223,96,64,44,15,4
E00057430,302,170,92,29,11,0
E00057431,381,188,132,48,11,2
E00057432,282,148,97,28,8,1
E00057433,283,134,121,16,10,2
E00057434,288,131,107,29,15,6
E00057435,244,88,90,39,20,7
E00057436,228,86,71,44,23,4
E00057437,278,124,112,30,10,2
E00057438,330,182,113,27,6,2
E00057439,227,83,77,40,24,3
E00057440,246,130,67,38,7,4
E00057441,363,168,141,44,7,3
E00057442,265,92,119,32,20,2
E00057443,241,134,78,21,7,1
E00057444,319,156,117,38,8,0
E00057445,286,150,90,40,4,2
E00057446,344,184,118,37,2,3
E00057447,302,147,107,34,10,4
E00057448,320,124,132,51,10,3
E00057449,267,121,89,35,16,6
E00057450,326,159,116,38,9,4
E00057451,304,161,117,20,5,1
E00057452,261,139,94,25,2,1
E00057453,279,86,91,81,19,2
E00057454,235,65,96,50,18,6
E00057455,300,137,94,50,11,8
E00057456,216,65,91,45,11,4
E00057457,216,81,63,50,17,5
E00057458,282,147,95,31,9,0
E00057459,306,116,105,60,21,4
E00057460,401,186,132,66,15,2
E00057461,247,95,84,54,11,3
E00057462,263,94,112,47,8,2
E00057463,307,165,111,27,3,1
E00057464,265,95,101,53,10,6
E00057465,311,147,107,41,11,5
E00057466,129,30,37,48,10,4
E00057467,282,109,102,57,12,2
E00057468,558,329,166,45,13,5
E00057469,283,128,84,53,15,3
E00057470,333,134,112,43,40,4
E00057471,241,87,85,48,16,5
E00057472,298,113,115,45,18,7
E00057473,364,149,153,52,8,2
E00057474,271,131,82,42,14,2
E00057475,289,111,111,44,14,9
E00057476,273,129,93,41,6,4
E00057477,293,113,86,59,27,8
E00057478,271,100,99,50,20,2
E00057479,195,48,53,54,33,7
E00057480,324,165,104,44,9,2
E00057481,274,94,105,43,22,10
E00057482,269,124,93,35,13,4
E00057483,297,104,108,60,20,5
E00057484,292,119,99,36,26,12
E00057485,293,148,100,36,9,0
E00057486,284,110,114,43,12,5
E00057487,316,139,119,43,10,5
E00057488,227,75,86,46,16,4
E00057489,246,98,94,40,14,0
E00057490,332,176,110,33,8,5
E00057491,281,134,95,36,13,3
E00057492,286,154,95,27,9,1
E00057493,305,144,94,33,21,13
E00057494,277,147,103,20,6,1
E00057495,349,198,101,36,11,3
E00057496,364,179,121,48,9,7
E00057497,283,118,104,49,12,0
E00057498,368,165,136,41,16,10
E00057499,320,171,102,35,11,1
E00057500,217,69,85,45,15,3
E00057501,358,172,115,57,11,3
E00057502,309,218,68,17,4,2
E00057503,370,175,131,47,10,7
E00057504,289,115,115,41,14,4
E00057505,283,102,110,52,13,6
E00057506,293,135,101,42,14,1
E00057507,277,119,102,45,6,5
E00057508,255,111,93,48,3,0
E00057509,289,120,109,44,12,4
E00057510,248,105,72,40,26,5
E00057511,282,135,104,35,5,3
E00057512,280,115,114,39,9,3
E00057513,223,103,76,33,10,1
E00057514,236,135,67,22,10,2
E00057515,218,78,63,56,19,2
E00057516,218,95,79,35,6,3
E00057517,219,52,69,68,19,11
E00057518,290,146,91,38,11,4
E00057519,214,47,72,65,28,2
E00057520,295,153,97,30,13,2
E00057521,277,136,98,39,2,2
E00057522,314,182,81,35,14,2
E00057523,230,86,70,55,15,4
E00057524,272,138,82,41,8,3
E00057525,243,91,95,43,13,1
E00057526,354,174,129,35,12,4
E00057527,282,137,102,24,14,5
E00057528,327,196,87,33,11,0
E00057529,308,161,109,27,9,2
E00057530,326,167,119,34,5,1
E00057531,300,139,102,47,10,2
E00057532,180,65,70,32,10,3
E00057533,295,154,83,44,11,3
E00057534,290,149,101,31,8,1
E00057535,326,197,100,25,4,0
E00057536,245,91,77,53,21,3
E00057537,288,158,86,32,10,2
E00057538,355,173,128,38,11,5
E00057539,238,98,91,34,11,4
E00057540,271,105,105,49,11,1
E00057541,245,88,102,43,10,2
E00057542,302,148,112,32,8,2
E00057543,345,162,126,37,19,1
E00057544,329,163,103,47,12,4
E00057545,224,76,95,35,14,4
E00057546,236,101,76,40,12,7
E00057547,264,142,90,25,7,0
E00057548,258,130,64,33,10,21
E00057549,273,138,96,31,7,1
E00057550,313,169,110,29,5,0
E00057551,296,127,112,46,9,2
E00057552,360,221,101,30,7,1
E00057553,291,126,94,56,12,3
E00057554,321,195,100,23,3,0
E00057555,243,95,80,52,14,2
E00057556,219,87,80,33,18,1
E00057557,288,159,78,41,6,4
E00057558,252,84,98,52,14,4
E00057559,360,173,131,48,6,2
E00057560,319,163,114,31,9,2
E00057561,276,119,102,39,10,6
E00057562,293,137,103,41,10,2
E00057563,231,91,81,45,10,4
E00057564,321,133,109,56,17,6
E00057565,277,137,85,38,14,3
E00057566,326,148,124,42,8,4
E00057567,532,238,223,48,17,6
E00057568,483,213,177,60,23,10
E00057570,531,266,160,67,26,12
E00057571,336,158,134,31,9,4
E00057573,315,128,113,47,21,6
E00057574,309,168,95,30,16,0
E00057575,284,156,96,23,7,2
E00057576,196,92,52,37,12,3
E00057577,461,198,176,51,26,10
E00057578,297,150,76,43,20,8
E00057579,378,182,134,50,10,2
E00057580,387,176,153,34,20,4
E00057581,419,172,167,55,19,6
E00057582,316,142,99,54,11,10
E00057583,393,186,150,45,9,3
E00057584,367,154,135,50,25,3
E00057585,321,156,107,35,19,4
E00057586,307,132,122,35,16,2
E00057587,322,154,103,43,15,7
E00057589,586,243,237,72,23,11
E00057590,406,187,154,46,14,5
E00057591,364,145,134,67,16,2
E00057592,474,234,143,67,25,5
E00057593,341,170,114,38,14,5
E00057594,361,177,121,45,15,3
E00057595,383,181,144,45,10,3
E00057596,281,127,103,36,12,3
E00057597,504,222,172,71,27,12
E00057598,438,189,136,69,31,13
E00057599,335,170,105,48,10,2
E00057600,284,103,121,40,13,7
E00057601,333,158,101,43,23,8
E00057602,431,226,123,63,16,3
E00057603,316,149,105,48,12,2
E00057604,254,111,77,35,23,8
E00057605,294,124,116,37,12,5
E00057606,235,81,73,54,21,6
E00057607,407,200,133,53,15,6
E00057608,378,172,122,63,15,6
E00057609,265,145,86,28,4,2
E00057610,237,81,104,40,12,0
E00057611,259,127,92,22,13,5
E00057612,321,163,103,37,14,4
E00057613,277,124,104,40,9,0
E00057614,286,96,132,39,13,6
E00057615,382,183,135,42,19,3
E00057616,315,158,99,47,8,3
E00057617,252,104,103,31,13,1
E00057618,265,144,82,22,10,7
E00057619,288,110,97,55,17,9
E00057620,361,151,156,40,12,2
E00057621,373,179,110,50,29,5
E00057622,299,136,112,40,8,3
E00057623,302,113,103,52,27,7
E00057624,237,105,76,41,14,1
E00057625,338,160,116,42,15,5
E00057626,296,119,126,37,10,4
E00057627,246,103,88,40,9,6
E00057628,327,197,107,19,4,0
E00057629,305,189,82,24,9,1
E00057630,477,290,141,33,10,3
E00057631,288,128,104,41,11,4
E00057632,315,183,91,24,12,5
E00057633,266,120,104,36,5,1
E00057634,342,222,101,16,3,0
E00057635,352,230,95,20,5,2
E00057637,438,278,126,30,3,1
E00057638,347,203,114,21,6,3
E00057639,446,260,123,47,15,1
E00057641,282,166,90,23,3,0
E00057642,419,216,139,48,15,1
E00057643,359,223,108,25,3,0
E00057645,483,299,150,29,3,2
E00057646,312,184,103,17,7,1
E00057647,263,153,91,16,3,0
E00057648,605,365,209,26,5,0
E00057649,446,271,131,36,4,4
E00057650,544,347,155,33,9,0
E00057651,405,253,118,27,5,2
E00057652,398,259,125,10,3,1
E00057653,312,177,106,21,7,1
E00057654,409,256,131,15,7,0
E00057655,365,213,104,36,11,1
E00057656,104,50,44,6,4,0
E00057657,362,217,119,22,3,1
E00057658,391,243,112,28,6,2
E00057659,356,218,111,21,5,1
E00057660,124,71,44,7,0,2
E00057661,560,373,148,27,12,0
E00057662,364,228,116,17,2,1
E00057663,426,254,149,15,4,4
E00057664,333,205,110,16,1,1
E00057665,294,166,112,14,0,2
E00057666,293,139,116,33,5,0
E00057667,168,65,51,30,17,5
E00057668,196,97,51,33,9,6
E00057669,294,139,135,16,4,0
E00057670,203,98,84,13,7,1
E00057671,180,90,49,26,12,3
E00057672,231,114,64,37,11,5
E00057673,369,208,120,31,8,2
E00057674,185,97,59,23,4,2
E00057675,223,92,68,33,19,11
E00057676,250,95,72,44,29,10
E00057679,225,127,78,17,3,0
E00057680,224,89,66,46,17,6
E00057681,461,237,158,49,13,4
E00057682,442,311,110,16,5,0
E00057683,195,121,52,14,6,2
E00057684,178,103,64,9,2,0
E00057685,174,88,49,26,10,1
E00057686,479,334,129,12,2,2
E00057687,196,141,47,5,1,2
E00057689,453,258,147,40,8,0
E00057690,390,236,124,28,1,1
E00057691,307,187,92,21,5,2
E00057692,350,211,116,20,3,0
E00057693,238,128,88,14,8,0
E00057695,269,177,77,12,3,0
E00057696,215,136,61,11,4,3
E00057697,255,155,80,12,6,2
E00057698,335,173,129,23,8,2
E00057699,252,165,65,15,6,1
E00057700,462,289,142,23,6,2
E00057701,254,151,77,17,9,0
E00057702,335,203,91,30,10,1
E00057703,463,291,134,27,8,3
E00057704,233,139,78,14,2,0
E00057705,344,171,103,41,20,9
E00057706,335,209,99,20,7,0
E00057707,262,153,74,15,15,5
E00057708,291,185,87,16,2,1
E00057709,359,207,113,32,6,1
E00057710,322,169,110,38,2,3
E00057711,342,186,111,39,6,0
E00057712,356,189,122,36,6,3
E00057713,297,147,115,31,3,1
E00057714,250,124,72,44,5,5
E00057715,265,141,89,32,3,0
E00057716,369,179,149,32,6,3
E00057717,291,129,100,44,16,2
E00057718,335,167,123,33,10,2
E00057719,308,154,101,40,8,5
E00057720,235,122,61,43,7,2
E00057721,297,166,98,28,2,3
E00057722,335,202,95,33,4,1
E00057723,376,225,114,29,8,0
E00057724,325,184,110,26,4,1
E00057725,290,151,92,34,11,2
E00057727,348,199,109,31,7,2
E00057728,275,148,90,25,9,3
E00057729,273,137,91,37,7,1
E00057730,242,138,82,17,4,1
E00057731,345,191,111,34,7,2
E00057732,405,233,102,56,10,4
E00057733,348,225,88,24,6,5
E00057734,337,175,112,37,8,5
E00057735,391,212,128,42,7,2
E00057736,249,124,78,41,5,1
E00057737,304,179,89,29,4,3
E00057738,538,287,194,48,7,2
E00057739,301,183,86,27,4,1
E00057740,310,153,101,46,10,0
E00057741,323,202,97,15,6,3
E00057742,336,205,89,28,11,3
E00057743,232,97,86,39,7,3
E00057744,288,165,100,17,5,1
E00057745,267,163,76,23,3,2
E00057746,244,112,71,41,16,4
E00057747,253,132,86,24,11,0
E00057748,311,144,111,43,9,4
E00057749,229,119,84,20,3,3
E00057750,362,246,81,28,6,1
E00057751,237,114,79,39,5,0
E00057752,264,96,99,47,21,1
E00057753,243,116,89,26,8,4
E00057754,261,141,84,27,7,2
E00057755,307,148,82,48,25,4
E00057756,275,162,84,24,5,0
E00057757,226,102,81,27,11,5
E00057758,344,161,117,28,28,10
E00057759,220,99,75,38,4,4
E00057760,246,100,67,47,23,9
E00057761,265,148,76,34,5,2
E00057762,312,164,95,37,10,6
E00057763,312,143,102,51,12,4
E00057764,340,162,126,38,8,6
E00057765,314,130,125,41,15,3
E00057766,260,122,110,23,5,0
E00057767,243,128,77,31,7,0
E00057768,299,125,104,43,14,13
E00057769,379,201,134,36,7,1
E00057770,268,119,81,48,15,5
E00057771,245,145,83,16,1,0
E00057772,214,62,65,63,17,7
E00057773,270,158,83,25,3,1
E00057774,233,127,76,26,2,2
E00057775,265,120,102,25,17,1
E00057776,273,115,83,42,26,7
E00057777,258,80,85,65,23,5
E00057778,265,117,87,42,17,2
E00057779,318,136,121,43,13,5
E00057780,284,139,75,52,13,5
E00057781,288,156,72,40,16,4
E00057782,352,172,127,36,13,4
E00057783,347,154,115,51,16,11
E00057784,327,145,114,47,17,4
E00057785,350,137,113,70,28,2
E00057786,307,115,107,54,23,8
E00057787,488,164,139,93,66,26
E00057788,309,131,94,58,24,2
E00057789,257,78,99,49,27,4
E00057790,191,97,74,14,5,1
E00057791,287,94,92,66,27,8
E00057792,281,118,119,34,7,3
E00057793,239,91,65,50,25,8
E00057794,215,75,48,58,24,10
E00057795,350,166,129,42,8,5
E00057796,189,83,59,38,6,3
E00057797,319,125,122,52,13,7
E00057798,327,125,113,53,26,10
E00057799,196,74,78,34,5,5
E00057800,281,91,78,72,27,13
E00057801,277,115,85,56,15,6
E00057802,192,77,58,27,22,8
E00057803,256,99,100,39,16,2
E00057804,285,134,86,49,13,3
E00057805,304,152,93,34,14,11
E00057806,372,149,132,62,19,10
E00057807,144,34,42,46,15,7
E00057808,362,187,101,38,29,7
E00057809,195,102,58,24,10,1
E00057810,352,167,122,44,18,1
E00057811,318,135,125,37,15,6
E00057812,255,119,81,36,15,4
E00057813,279,143,76,41,9,10
E00057814,344,142,120,56,21,5
E00057815,301,131,127,27,13,3
E00057816,309,138,108,37,22,4
E00057817,270,125,82,43,16,4
E00057818,230,88,85,41,13,3
E00057819,335,152,123,34,18,8
E00057820,242,99,72,38,24,9
E00057821,243,87,88,44,18,6
E00057822,309,143,95,45,20,6
E00057823,296,115,101,50,22,8
E00057824,293,113,99,48,28,5
E00057825,379,126,114,99,28,12
E00057826,215,113,83,14,4,1
E00057827,269,121,88,33,24,3
E00057828,276,101,118,28,19,10
E00057829,221,87,74,39,16,5
E00057830,187,62,57,43,17,8
E00057831,272,97,102,46,20,7
E00057832,329,152,117,35,19,6
E00057833,397,200,149,35,7,6
E00057834,308,125,92,67,20,4
E00057835,320,120,128,41,25,6
E00057838,302,151,101,38,10,2
E00057839,315,134,105,56,16,4
E00057840,300,149,90,32,22,7
E00057841,300,128,100,49,23,0
E00057842,266,158,77,22,7,2
E00057843,343,122,135,55,30,1
E00057844,316,123,128,49,12,4
E00057845,322,167,109,39,6,1
E00057846,298,146,106,37,6,3
E00057847,281,134,97,36,11,3
E00057848,290,166,92,27,4,1
E00057849,328,171,92,39,24,2
E00057850,245,139,74,25,7,0
E00057851,280,149,102,19,8,2
E00057852,379,201,144,27,6,1
E00057853,206,59,77,31,27,12
E00057854,349,188,102,34,19,6
E00057855,384,194,139,37,11,3
E00057856,259,101,85,58,13,2
E00057857,261,143,86,19,10,3
E00057858,269,135,92,31,7,4
E00057859,439,197,169,45,21,7
E00057860,325,154,100,46,21,4
E00057861,258,97,84,59,9,9
E00057862,325,148,97,51,23,6
E00057863,206,83,59,42,19,3
E00057864,343,165,108,47,19,4
E00057865,290,120,102,45,19,4
E00057866,340,154,99,53,27,7
E00057867,323,149,105,49,17,3
E00057868,235,116,82,27,6,4
E00057869,319,148,111,46,11,3
E00057871,294,155,99,29,8,3
E00057872,222,91,87,34,8,2
E00057873,263,136,92,31,4,0
E00057874,253,137,77,21,14,4
E00057875,361,150,110,66,25,10
E00057876,356,152,120,54,26,4
E00057877,217,93,76,38,8,2
E00057878,302,176,99,25,2,0
E00057879,348,191,107,33,15,2
E00057880,220,57,75,51,29,8
E00057881,281,148,100,25,6,2
E00057882,248,125,105,13,3,2
E00057883,283,157,86,33,5,2
E00057884,309,145,116,34,10,4
E00057885,348,173,129,34,8,4
E00057887,456,260,129,43,22,2
E00057888,155,54,45,37,18,1
E00057889,346,146,119,60,18,3
E00057891,407,239,134,27,4,3
E00057892,312,175,114,17,5,1
E00057893,299,148,104,31,14,2
E00057894,435,237,155,34,6,3
E00057895,194,78,73,34,8,1
E00057896,256,129,93,24,8,2
E00057897,274,119,102,41,12,0
E00057898,328,183,113,22,6,4
E00057899,295,155,91,37,12,0
E00057900,263,129,113,20,1,0
E00057901,236,120,82,25,6,3
E00057902,369,228,107,24,8,2
E00057903,308,129,115,40,18,6
E00057904,300,131,100,48,18,3
E00057905,318,142,105,58,9,4
E00057906,244,111,89,33,8,3
E00057907,290,124,104,44,13,5
E00057908,273,146,75,36,13,3
E00057909,320,129,111,52,20,8
E00057911,312,202,79,21,8,2
E00057913,279,124,101,40,13,1
E00057914,268,89,96,47,29,7
E00057916,277,102,99,42,25,9
E00057917,413,139,126,83,50,15
E00057918,258,132,93,29,4,0
E00057919,306,117,113,51,18,7
E00057920,333,152,123,37,14,7
E00057921,291,130,91,46,18,6
E00057922,206,89,68,33,13,3
E00057923,328,171,119,25,11,2
E00057924,304,129,107,51,14,3
E00057925,277,150,95,22,7,3
E00057926,318,114,111,63,25,5
E00057927,295,115,112,52,12,4
E00057928,302,120,128,30,18,6
E00057929,350,154,157,25,7,7
E00057932,307,106,121,58,15,7
E00057933,230,86,84,39,17,4
E00057934,292,100,120,47,20,5
E00057935,364,155,109,62,30,8
E00057936,297,134,105,38,17,3
E00057937,319,146,130,25,13,5
E00057938,305,113,101,51,33,7
E00057939,359,155,140,52,9,3
E00057940,352,237,94,17,2,2
E00057941,311,170,112,21,7,1
E00057942,278,120,96,38,19,5
E00057943,237,101,77,39,16,4
E00057944,301,145,111,35,8,2
E00057945,168,45,50,40,28,5
E00057946,362,171,117,55,12,7
E00057947,237,98,79,46,12,2
E00057949,241,89,98,34,15,5
E00057950,390,207,131,41,11,0
E00057951,356,187,97,44,19,9
E00057952,230,89,82,28,22,9
E00057955,279,136,101,28,11,3
E00057956,315,140,107,45,19,4
E00057957,308,187,91,23,5,2
E00057959,315,129,108,50,24,4
E00057960,410,192,150,49,17,2
E00057961,393,211,139,28,11,4
E00057962,302,160,104,28,6,4
E00057963,303,144,102,37,15,5
E00057965,399,206,138,39,13,3
E00057966,298,136,106,32,18,6
E00057967,217,64,89,43,16,5
E00057968,253,118,96,32,6,1
E00057969,274,166,76,25,5,2
E00057970,230,106,94,23,6,1
E00057971,292,148,89,35,18,2
E00057972,295,188,82,23,2,0
E00057973,339,173,123,32,9,2
E00057974,353,200,120,26,7,0
E00057975,368,228,97,33,6,4
E00057976,234,92,85,38,13,6
E00057977,284,112,108,47,13,4
E00057978,328,188,93,40,6,1
E00057979,301,116,92,67,19,7
E00057980,447,268,123,43,10,3
E00057981,222,97,78,29,17,1
E00057982,240,131,81,22,5,1
E00057983,248,133,76,28,11,0
E00057984,362,211,105,33,13,0
E00057985,383,173,145,46,15,4
E00057986,311,148,107,44,11,1
E00057987,285,130,111,27,11,6
E00057988,310,180,99,20,9,2
E00057989,345,176,112,41,12,4
E00057990,265,134,102,23,6,0
E00057991,262,132,98,25,5,2
E00057992,342,182,99,44,15,2
E00057993,251,91,104,36,18,2
E00057994,250,125,93,24,5,3
E00057995,218,112,68,29,6,3
E00057996,245,118,83,23,15,6
E00057997,337,150,121,51,11,4
E00057998,170,62,56,35,13,4
E00057999,252,141,76,23,10,2
E00058000,260,100,66,44,30,20
E00058001,372,212,114,34,7,5
E00058002,242,88,82,50,18,4
E00058003,233,118,71,34,7,3
E00058004,270,159,67,29,9,6
E00058005,268,130,92,36,8,2
E00058006,220,120,74,21,5,0
E00058007,318,191,88,28,6,5
E00058008,150,32,47,52,13,6
E00058009,340,182,115,33,9,1
E00058010,327,152,124,43,6,2
E00058011,289,138,85,44,17,5
E00058012,248,109,83,38,17,1
E00058013,377,218,115,32,9,3
E00058014,341,179,117,33,8,4
E00058015,269,98,94,54,20,3
E00058016,569,313,180,53,14,9
E00058017,329,169,112,34,13,1
E00058018,303,87,76,65,60,15
E00058019,258,110,84,47,13,4
E00058020,318,172,100,31,13,2
E00058021,379,236,102,33,7,1
E00058022,210,68,60,52,23,7
E00058023,408,210,134,46,14,4
E00058024,302,95,121,71,11,4
E00058025,267,127,74,45,13,8
E00058026,257,64,68,78,38,9
E00058027,349,158,113,58,14,6
E00058028,309,177,94,26,8,4
E00058029,180,75,58,34,12,1
E00058030,329,180,99,32,16,2
E00058031,279,149,89,29,9,3
E00058032,292,138,110,27,11,6
E00058033,358,142,152,51,12,1
E00058034,306,157,104,32,8,5
E00058036,340,158,122,43,15,2
E00058037,322,166,114,37,5,0
E00058038,281,122,86,40,28,5
E00058039,344,199,106,37,0,2
E00058040,269,98,88,51,22,10
E00058041,440,298,110,23,6,3
E00058042,546,221,190,91,38,6
E00058043,295,140,107,34,12,2
E00058044,320,147,132,34,6,1
E00058045,235,91,93,34,12,5
E00058047,257,110,93,37,14,3
E00058048,333,159,127,35,10,2
E00058049,263,132,80,36,13,2
E00058050,326,163,85,43,26,9
E00058051,266,134,91,30,8,3
E00058052,234,73,91,57,11,2
E00058053,321,158,118,35,10,0
E00058054,278,118,108,40,10,2
E00058055,338,148,117,55,15,3
E00058056,280,132,108,26,8,6
E00058057,331,172,112,35,12,0
E00058058,280,161,82,34,3,0
E00058059,360,207,108,35,7,3
E00058060,277,134,95,36,10,2
E00058061,293,96,138,46,11,2
E00058062,357,191,122,34,9,1
E00058063,274,136,97,31,8,2
E00058064,287,122,117,40,7,1
E00058065,138,43,47,36,11,1
E00058066,275,118,94,39,19,5
E00058067,275,123,84,51,12,5
E00058068,315,105,142,48,19,1
E00058069,330,178,120,27,4,1
E00058070,280,123,99,45,10,3
E00058071,301,170,96,29,5,1
E00058072,315,150,114,37,8,6
E00058073,441,198,165,61,12,5
E00058074,272,113,101,48,8,2
E00058075,385,184,136,45,15,5
E00058076,306,177,91,31,6,1
E00058077,308,146,118,36,8,0
E00058078,376,226,114,25,9,2
E00058079,313,206,85,15,5,2
E00058080,318,88,105,80,38,7
E00058081,308,172,91,33,10,2
E00058082,440,243,137,36,19,5
E00058083,263,120,98,34,10,1
E00058084,232,82,97,44,7,2
E00058086,345,160,136,40,8,1
E00058087,295,111,114,45,20,5
E00058088,280,110,102,46,21,1
E00058089,276,116,103,40,16,1
E00058090,391,183,145,46,13,4
E00058091,387,192,137,46,9,3
E00058092,246,125,79,36,5,1
E00058093,280,147,100,25,6,2
E00058094,312,145,124,25,15,3
E00058095,308,152,117,28,10,1
E00058096,319,167,107,31,10,4
E00058097,265,109,72,55,23,6
E00058098,324,147,121,38,10,8
E00058099,320,188,114,12,2,4
E00058100,280,146,96,29,8,1
E00058101,359,180,134,37,8,0
E00058102,301,136,112,36,11,6
E00058103,336,142,127,52,12,3
E00058104,280,121,101,39,13,6
E00058105,339,190,117,25,6,1
E00058106,273,145,85,29,13,1
E00058107,330,203,108,17,2,0
E00058108,254,99,107,33,11,4
E00058109,247,120,87,37,3,0
E00058110,330,155,111,48,10,6
E00058111,360,169,151,29,10,1
E00058112,356,138,140,56,18,4
E00058113,238,95,91,36,13,3
E00058114,238,118,94,22,3,1
E00058115,362,162,135,46,15,4
E00058116,192,67,59,46,15,5
E00058117,248,71,99,59,16,3
E00058118,315,125,103,63,19,5
E00058119,195,70,66,36,17,6
E00058120,292,143,113,23,10,3
E00058121,444,225,168,40,10,1
E00058122,253,77,105,44,23,4
E00058123,258,143,75,28,9,3
E00058124,138,39,44,35,13,7
E00058125,284,94,109,62,17,2
E00058126,277,130,99,36,7,5
E00058127,315,128,117,54,15,1
E00058128,373,220,114,32,6,1
E00058129,301,115,108,61,11,6
E00058130,393,233,128,25,5,2
E00058131,296,153,109,22,11,1
E00058132,447,240,156,38,13,0
E00058133,343,195,124,21,3,0
E00058134,258,87,92,61,15,3
E00058135,318,158,106,46,5,3
E00058136,322,194,97,23,8,0
E00058137,263,119,77,47,17,3
E00058138,312,154,109,33,11,5
E00058139,298,95,118,58,23,4
E00058140,282,138,100,34,9,1
E00058141,318,159,89,46,18,6
E00058142,330,153,110,46,17,4
E00058143,394,235,135,20,4,0
E00058144,314,144,109,45,13,3
E00058145,321,166,122,27,5,1
E00058146,299,167,93,30,9,0
E00058147,274,113,85,54,14,8
E00058148,291,131,110,34,11,5
E00058149,298,143,99,36,12,8
E00058150,304,132,119,44,8,1
E00058151,282,109,99,59,12,3
E00058152,325,128,104,61,24,8
E00058153,292,111,109,45,23,4
E00058154,322,130,128,45,14,5
E00058155,272,123,96,41,10,2
E00058156,360,233,92,28,7,0
E00058157,313,156,113,37,5,2
E00058158,306,135,117,35,17,2
E00058159,212,61,86,45,14,6
E00058160,310,161,93,48,6,2
E00058161,333,151,120,48,10,4
E00058162,261,126,86,40,8,1
E00058163,344,196,105,24,15,4
E00058164,360,186,125,40,9,0
E00058165,418,210,136,49,16,7
E00058166,252,105,90,37,18,2
E00058167,251,111,91,34,13,2
E00058168,294,146,103,35,8,2
E00058169,342,149,116,49,21,7
E00058170,265,133,104,15,9,4
E00058171,248,119,87,34,7,1
E00058172,406,240,127,29,8,2
E00058173,360,211,114,26,8,1
E00058174,248,92,84,51,13,8
E00058175,341,163,82,61,26,9
E00058177,258,107,98,33,15,5
E00058178,345,158,114,56,11,6
E00058179,295,179,101,11,4,0
E00058180,235,102,87,37,7,2
E00058181,307,132,99,41,29,6
E00058182,309,146,120,33,7,3
E00058183,301,140,108,40,10,3
E00058184,231,112,80,28,9,2
E00058185,245,120,80,25,16,4
E00058186,316,155,122,34,3,2
E00058187,311,130,118,48,12,3
E00058188,315,191,108,11,4,1
E00058189,229,67,76,55,25,6
E00058190,263,148,77,24,8,6
E00058191,368,195,126,35,8,4
E00058192,220,48,62,72,28,10
E00058193,300,148,117,24,9,2
E00058194,263,162,75,16,7,3
E00058195,244,93,97,40,12,2
E00058196,236,96,83,41,13,3
E00058197,209,92,78,26,9,4
E00058199,256,126,94,33,3,0
E00058200,344,162,121,47,10,4
E00058201,213,66,77,45,19,6
E00058202,277,137,98,35,6,1
E00058204,241,88,83,54,13,3
E00058205,553,307,164,61,17,4
E00058206,231,101,87,33,5,5
E00058207,343,143,126,50,24,0
E00058208,337,134,125,46,28,4
E00058209,306,130,116,42,17,1
E00058210,327,189,100,29,7,2
E00058211,257,112,75,42,21,7
E00058212,285,145,94,42,2,2
E00058213,258,98,78,51,24,7
E00058214,364,182,128,37,15,2
E00058215,332,167,102,40,16,7
E00058216,239,73,81,56,21,8
E00058217,279,132,99,36,10,2
E00058218,294,133,91,34,28,8
E00058219,294,115,106,50,17,6
E00058220,382,210,133,26,12,1
E00058221,255,125,85,31,13,1
E00058222,295,93,89,74,33,6
E00058223,357,207,114,30,5,1
E00058224,267,99,84,50,28,6
E00058225,536,304,169,43,16,4
E00058226,265,128,84,39,10,4
E00058227,243,108,78,38,9,10
E00058228,226,104,78,34,6,4
E00058229,309,180,81,31,13,4
E00058230,269,100,82,51,23,13
E00058231,254,120,81,31,16,6
E00058232,236,63,92,46,25,10
E00058233,356,147,129,58,19,3
E00058234,377,230,111,29,6,1
E00058235,246,108,91,36,10,1
E00058236,313,164,88,50,10,1
E00058237,301,172,95,27,7,0
E00058238,298,167,85,37,8,1
E00058239,287,127,104,41,14,1
E00058240,368,168,138,44,16,2
E00058241,296,129,115,43,8,1
E00058242,253,143,79,27,2,2
E00058243,236,91,98,34,9,4
E00058244,270,139,86,38,4,3
E00058245,231,112,66,38,13,2
E00058246,230,110,81,32,6,1
E00058247,224,92,80,39,11,2
E00058248,286,136,105,35,7,3
E00058249,264,145,75,36,5,3
E00058250,225,99,88,32,6,0
E00058251,277,154,96,19,4,4
E00058252,283,121,87,56,14,5
E00058253,305,156,96,35,12,6
E00058254,245,103,84,33,16,9
E00058255,323,146,94,50,29,4
E00058256,230,85,65,53,23,4
E00058257,228,94,88,27,15,4
E00058258,260,113,94,35,14,4
E00058259,250,129,92,24,5,0
E00058260,297,108,109,58,18,4
E00058261,268,126,78,40,17,7
E00058262,343,109,99,78,49,8
E00058263,227,53,85,50,31,8
E00058264,264,118,83,39,17,7
E00058265,284,119,101,31,25,8
E00058266,119,68,41,6,3,1
E00058267,308,161,104,33,10,0
E00058268,311,188,95,22,5,1
E00058269,292,144,105,33,7,3
E00058270,328,179,111,31,4,3
E00058271,223,105,83,28,5,2
E00058272,315,198,92,25,0,0
E00058273,192,55,82,43,9,3
E00058274,295,175,91,22,5,2
E00058275,340,193,105,26,12,4
E00058276,238,111,86,19,15,7
E00058277,194,62,63,57,11,1
E00058278,276,145,87,36,6,2
E00058279,310,167,93,32,11,7
E00058280,256,125,82,40,8,1
E00058281,236,89,90,44,7,6
E00058282,283,176,80,20,7,0
E00058283,307,152,109,35,11,0
E00058284,296,177,87,26,5,1
E00058285,145,74,52,17,2,0
E00058286,169,60,67,31,7,4
E00058287,446,253,153,30,8,2
E00058288,328,206,82,27,11,2
E00058289,283,161,88,26,7,1
E00058290,297,130,131,25,7,4
E00058291,237,113,80,37,5,2
E00058292,310,154,121,22,13,0
E00058293,316,162,107,38,7,2
E00058294,278,131,88,44,12,3
E00058295,329,154,129,34,7,5
E00058296,365,218,112,27,6,2
E00058297,350,197,119,26,7,1
E00058298,281,142,98,36,4,1
E00058299,330,176,99,38,14,3
E00058300,306,124,126,38,12,6
E00058301,241,91,97,43,8,2
E00058302,329,175,126,23,4,1
E00058303,299,143,108,34,12,2
E00058304,290,121,106,46,12,5
E00058305,230,109,70,37,8,6
E00058306,359,189,122,42,4,2
E00058307,263,153,78,21,8,3
E00058308,321,183,100,27,8,3
E00058309,297,139,106,44,6,2
E00058310,284,141,93,40,7,3
E00058311,292,148,99,34,10,1
E00058312,174,93,62,15,2,2
E00058313,331,179,106,39,6,1
E00058314,278,148,79,34,11,6
E00058315,285,136,96,38,13,2
E00058317,267,123,98,28,12,6
E00058318,237,125,85,20,7,0
E00058319,253,120,103,27,3,0
E00058320,279,169,85,18,4,3
E00058321,305,141,99,48,13,4
E00058322,266,142,78,32,10,4
E00058323,326,193,97,23,11,2
E00058325,293,154,94,39,4,2
E00058326,309,157,118,31,1,2
E00058327,430,272,97,44,11,6
E00058328,292,145,104,35,3,5
E00058329,269,125,97,37,5,5
E00058330,320,180,100,32,7,1
E00058331,329,198,95,32,1,3
E00058332,171,97,52,16,4,2
E00058333,311,163,98,39,9,2
E00058334,273,135,89,41,6,2
E00058335,228,92,70,45,19,2
E00058336,282,146,99,33,4,0
E00058337,301,144,93,45,17,2
E00058338,320,167,112,31,8,2
E00058339,275,139,102,25,8,1
E00058340,410,219,143,33,11,4
E00058341,267,133,88,40,5,1
E00058342,217,93,83,35,5,1
E00058343,249,143,84,17,4,1
E00058344,299,154,96,38,10,1
E00058345,279,132,87,43,13,4
E00058346,292,140,86,45,19,2
E00058347,296,175,88,24,6,3
E00058348,300,179,92,24,4,1
E00058349,242,110,86,36,10,0
E00058350,292,149,103,29,9,2
E00058351,304,125,74,94,9,2
E00058352,262,97,105,45,14,1
E00058353,242,100,66,56,16,4
E00058354,353,196,119,27,9,2
E00058355,247,139,86,16,6,0
E00058356,368,191,122,42,10,3
E00058357,260,92,110,40,12,6
E00058358,259,127,99,25,5,3
E00058359,266,121,105,26,12,2
E00058360,245,102,98,37,8,0
E00058361,293,156,90,36,4,7
E00058362,296,132,83,53,23,5
E00058363,269,123,91,35,16,4
E00058364,390,227,115,36,10,2
E00058365,309,163,111,24,11,0
E00058366,289,148,101,32,7,1
E00058367,322,168,107,37,6,4
E00058368,273,112,122,30,6,3
E00058369,368,196,105,58,8,1
E00058370,230,106,87,27,6,4
E00058371,330,170,106,38,13,3
E00058372,318,161,111,36,7,3
E00058373,274,141,85,35,8,5
E00058374,285,131,117,29,7,1
E00058375,281,142,101,30,5,3
E00058376,283,147,85,35,12,4
E00058377,169,39,63,48,14,5
E00058378,272,134,83,38,12,5
E00058379,197,56,75,44,19,3
E00058380,281,100,110,43,20,8
E00058381,302,165,100,29,6,2
E00058382,284,130,87,46,19,2
E00058383,577,388,152,24,12,1
E00058384,349,169,128,44,6,2
E00058385,252,112,98,31,9,2
E00058386,520,319,148,41,10,2
E00058387,319,168,105,30,12,4
E00058388,316,150,128,28,6,4
E00058389,327,141,95,59,26,6
E00058390,367,198,127,31,10,1
E00058391,385,174,147,48,10,6
E00058392,334,150,116,48,19,1
E00058393,241,71,86,56,19,9
E00058394,246,126,87,23,8,2
E00058395,362,198,117,35,10,2
E00058396,381,180,134,48,12,7
E00058397,395,170,145,57,18,5
E00058398,332,145,124,48,13,2
E00058399,373,159,147,50,14,3
E00058400,313,136,119,48,10,0
E00058401,351,139,125,61,20,6
E00058402,327,186,105,24,8,4
E00058403,254,139,78,28,9,0
E00058404,344,153,97,58,30,6
E00058405,268,134,89,37,6,2
E00058406,270,156,79,27,8,0
E00058407,458,281,151,20,3,3
E00058408,273,153,80,32,6,2
E00058409,318,152,117,34,13,2
E00058410,256,142,82,29,2,1
E00058411,309,153,99,45,8,4
E00058412,299,141,107,35,15,1
E00058413,285,116,108,45,12,4
E00058414,274,102,85,60,18,9
E00058415,351,152,119,54,23,3
E00058416,453,247,155,42,7,2
E00058417,277,139,104,24,9,1
E00058418,325,152,113,44,14,2
E00058419,307,169,99,33,5,1
E00058420,234,126,72,26,7,3
E00058421,300,144,84,41,30,1
E00058422,295,183,86,23,3,0
E00058423,300,154,107,31,7,1
E00058424,235,114,89,25,5,2
E00058425,200,92,73,28,6,1
E00058426,381,198,131,36,11,5
E00058427,333,152,127,46,7,1
E00058428,305,145,112,37,10,1
E00058429,291,155,79,40,10,7
E00058430,339,152,115,54,11,7
E00058431,266,122,99,37,8,0
E00058432,219,75,81,40,15,8
E00058433,280,127,97,44,10,2
E00058434,310,116,121,58,10,5
E00058435,282,151,98,24,7,2
E00058436,276,132,107,29,7,1
E00058437,226,123,59,35,7,2
E00058438,266,124,95,29,14,4
E00058439,221,111,70,20,17,3
E00058440,266,121,89,44,9,3
E00058441,343,174,98,49,13,9
E00058442,278,164,81,29,3,1
E00058443,282,175,61,34,10,2
E00058444,357,155,151,39,10,2
E00058445,319,166,109,36,5,3
E00058446,291,189,81,16,4,1
E00058447,376,176,136,53,10,1
E00058448,234,119,83,23,6,3
E00058449,373,216,118,30,7,2
E00058450,282,141,101,33,7,0
E00058451,260,152,88,9,8,3
E00058452,378,214,129,27,8,0
E00058453,389,222,118,32,14,3
E00058454,378,182,153,35,7,1
E00058455,304,151,114,34,3,2
E00058456,285,130,109,35,7,4
E00058457,282,125,109,43,4,1
E00058458,537,292,183,51,9,2
E00058459,211,93,73,34,10,1
E00058460,208,95,82,23,5,3
E00058461,251,108,90,35,15,3
E00058462,275,178,66,28,2,1
E00058463,272,103,93,48,24,4
E00058464,308,159,102,33,12,2
E00058465,314,164,108,34,3,5
E00058466,184,105,47,20,8,4
E00058467,281,157,92,27,5,0
E00058468,329,166,100,50,8,5
E00058469,352,184,104,44,17,3
E00058470,371,208,121,33,9,0
E00058471,272,101,71,72,25,3
E00058472,356,165,136,45,8,2
E00058473,312,122,109,53,23,5
E00058474,297,90,109,69,23,6
E00058475,323,158,101,43,21,0
E00058476,292,123,114,43,9,3
E00058477,294,143,87,51,8,5
E00058478,386,188,142,39,17,0
E00058479,309,158,108,36,3,4
E00058480,292,144,105,32,9,2
E00058481,263,115,94,36,13,5
E00058482,323,155,87,68,11,2
E00058484,272,119,110,33,8,2
E00058485,278,75,99,74,22,8
E00058486,398,143,181,56,15,3
E00058487,309,160,108,32,8,1
E00058488,350,211,97,27,11,4
E00058489,305,148,96,42,16,3
E00058490,372,141,139,53,36,3
E00058491,324,148,116,41,13,6
E00058492,375,176,125,62,10,2
E00058493,267,143,73,37,12,2
E00058494,181,48,50,57,20,6
E00058495,267,124,71,50,16,6
E00058496,295,144,113,32,6,0
E00058497,378,186,111,61,19,1
E00058498,326,178,93,38,11,6
E00058499,288,128,118,31,10,1
E00058500,310,131,112,44,15,8
E00058501,301,166,103,25,3,4
E00058502,293,150,97,36,6,4
E00058503,287,147,106,28,4,2
E00058504,342,192,120,25,3,2
E00058505,273,148,79,31,12,3
E00058506,314,144,113,38,13,6
E00058507,326,171,115,25,13,2
E00058508,284,126,109,35,14,0
E00058509,227,66,69,56,30,6
E00058510,252,116,83,34,15,4
E00058511,344,144,139,45,14,2
E00058512,349,161,124,48,12,4
E00058513,283,138,101,28,13,3
E00058514,272,127,94,33,15,3
E00058515,250,97,89,52,8,4
E00058516,214,96,63,35,14,6
E00058517,350,166,114,52,13,5
E00058518,236,129,84,12,6,5
E00058519,210,62,71,60,13,4
E00058520,203,81,69,40,13,0
E00058521,289,147,94,39,6,3
E00058522,250,100,88,45,15,2
E00058523,257,129,92,30,4,2
E00058524,213,96,74,30,11,2
E00058525,265,147,87,21,8,2
E00058526,305,142,114,40,6,3
E00058527,338,171,113,43,9,2
E00058528,242,106,92,30,13,1
E00058529,278,114,111,41,11,1
E00058530,173,20,56,58,30,9
E00058531,249,111,88,33,16,1
E00058532,240,121,79,25,12,3
E00058533,294,130,87,60,11,6
E00058534,213,61,49,66,31,6
E00058535,299,95,114,71,15,4
E00058536,266,126,86,45,7,2
E00058537,290,170,76,37,7,0
E00058538,321,124,110,57,23,7
E00058539,293,121,103,46,18,5
E00058540,272,123,92,39,17,1
E00058541,323,158,100,39,23,3
E00058543,248,97,94,32,23,2
E00058544,587,277,220,54,25,11
E00058545,277,95,100,54,25,3
E00058546,165,63,61,22,18,1
E00058547,308,111,105,63,20,9
E00058548,387,163,141,53,20,10
E00058549,334,148,114,39,29,4
E00058550,269,120,92,38,13,6
E00058551,377,141,134,75,18,9
E00058552,356,166,125,43,18,4
E00058554,255,118,91,31,11,4
E00058555,448,205,135,70,35,3
E00058556,268,139,84,34,8,3
E00058557,242,112,93,21,11,5
E00058558,384,176,132,51,20,5
E00058559,289,132,115,37,4,1
E00058561,256,104,100,32,15,5
E00058562,263,88,78,66,26,5
E00058563,252,96,79,52,20,5
E00058564,437,187,156,60,25,9
E00058565,195,80,69,34,9,3
E00058566,299,130,113,36,12,8
E00058567,333,149,130,46,5,3
E00058568,259,142,74,33,10,0
E00058571,397,200,129,48,11,9
E00058572,470,239,131,55,36,9
E00058573,302,119,107,40,28,8
E00058574,314,146,112,43,8,5
E00058575,173,57,47,35,22,12
E00058576,297,121,96,59,16,5
E00058577,298,133,104,38,16,7
E00058578,275,115,107,40,12,1
E00058579,230,81,76,45,21,7
E00058580,316,134,102,55,22,3
E00058581,295,104,92,62,27,10
E00058583,167,40,50,45,25,7
E00058585,240,91,105,31,12,1
E00058586,174,71,63,28,7,5
E00058587,198,82,77,25,13,1
E00058588,319,129,115,54,17,4
E00058589,317,131,105,46,27,8
E00058590,336,146,111,45,28,6
E00058591,229,83,72,50,20,4
E00058592,329,148,124,36,16,5
E00058593,306,129,108,42,23,4
E00058594,302,138,95,38,19,12
E00058595,278,137,85,36,13,7
E00058596,291,127,110,39,12,3
E00058597,357,146,115,62,28,6
E00058598,233,123,70,29,8,3
E00058599,295,159,94,25,12,5
E00058600,267,98,101,49,15,4
E00058601,345,201,95,23,17,9
E00058602,276,110,97,52,15,2
E00058603,248,94,98,40,14,2
E00058604,270,125,102,37,5,1
E00058605,316,144,113,48,8,3
E00058606,350,158,118,62,9,3
E00058607,406,260,115,22,6,3
E00058608,369,179,107,56,24,3
E00058609,398,252,123,15,6,2
E00058610,351,139,149,50,12,1
E00058611,382,156,133,57,28,8
E00058612,282,138,84,41,14,5
E00058613,312,156,114,35,5,2
E00058614,290,122,107,49,10,2
E00058616,321,130,107,54,26,4
E00058618,322,162,109,30,17,4
E00058619,284,103,92,59,19,11
E00058620,293,127,91,52,18,5
E00058621,254,97,102,42,12,1
E00058622,228,81,84,45,16,2
E00058623,311,152,123,25,8,3
E00058624,254,98,97,43,13,3
E00058625,292,158,91,31,10,2
E00058626,254,133,91,21,7,2
E00058627,202,76,73,36,11,6
E00058628,308,146,115,34,11,2
E00058629,269,114,100,36,18,1
E00058630,344,160,108,53,23,0
E00058631,235,89,90,43,9,4
E00058632,264,124,68,53,15,4
E00058633,336,163,98,57,14,4
E00058634,232,61,62,61,36,12
E00058635,259,121,84,32,19,3
E00058636,284,129,88,47,17,3
E00058637,295,121,106,54,11,3
E00058638,282,115,98,53,14,2
E00058639,355,219,112,22,2,0
E00058640,344,171,118,44,6,5
E00058641,498,249,167,51,26,5
E00058642,296,109,128,41,14,4
E00058643,294,112,119,39,20,4
E00058644,250,129,83,22,11,5
E00058646,268,128,103,29,5,3
E00058647,289,120,95,56,15,3
E00058648,288,156,80,32,9,11
E00058649,320,150,92,47,19,12
E00058650,259,119,92,37,9,2
E00058651,286,143,101,34,5,3
E00058652,417,226,130,43,14,4
E00058653,305,158,103,28,16,0
E00058654,286,151,103,27,4,1
E00058655,166,49,57,35,22,3
E00058656,280,137,100,34,8,1
E00058657,255,106,91,44,13,1
E00058658,253,89,96,43,20,5
E00058659,263,98,90,49,22,4
E00058660,277,142,96,29,10,0
E00058661,251,84,80,47,33,7
E00058662,252,122,73,42,14,1
E00058663,272,108,97,39,21,7
E00058664,318,132,136,33,15,2
E00058665,287,115,95,54,19,4
E00058666,257,120,93,33,9,2
E00058667,174,35,60,50,22,7
E00058668,381,193,132,46,10,0
E00058669,335,180,98,39,17,1
E00058670,302,116,121,38,21,6
E00058671,400,158,116,75,33,18
E00058672,373,224,118,24,5,2
E00058673,312,193,85,28,6,0
E00058674,210,100,59,29,15,7
E00058675,286,118,78,49,31,10
E00058676,304,162,84,39,13,6
E00058677,325,165,101,41,15,3
E00058678,387,162,152,55,15,3
E00058679,600,298,216,64,20,2
E00058680,291,143,109,32,6,1
E00058681,415,275,100,32,6,2
E00058682,426,239,131,37,14,5
E00058683,222,89,76,40,13,4
E00058684,333,160,101,42,23,7
E00058685,327,188,99,26,12,2
E00058686,404,255,104,37,7,1
E00058687,308,188,91,22,5,2
E00058688,292,131,92,47,20,2
E00058689,353,179,100,59,12,3
E00058690,324,189,95,32,7,1
E00058691,348,192,108,36,11,1
E00058692,288,170,91,18,6,3
E00058693,345,208,95,32,8,2
E00058694,241,132,66,31,10,2
E00058695,239,121,86,25,5,2
E00058696,253,139,71,32,8,3
E00058697,211,104,60,41,4,2
E00058698,352,184,117,38,10,3
E00058699,370,201,129,32,5,3
E00058700,273,154,76,28,11,4
E00058701,392,207,129,40,14,2
E00058702,269,100,99,43,20,7
E00058703,368,209,93,36,20,10
E00058704,355,157,108,81,5,4
E00058705,163,84,52,17,8,2
E00058706,236,134,66,28,6,2
E00058707,336,181,106,36,12,1
E00058708,372,203,108,42,11,8
E00058709,317,167,103,40,6,1
E00058710,285,148,94,30,8,5
E00058711,276,167,66,37,6,0
E00058712,309,141,107,47,12,2
E00058713,310,164,94,39,10,3
E00058714,366,158,131,51,19,7
E00058715,409,194,138,60,9,8
E00058716,386,175,151,49,9,2
E00058717,453,223,144,56,27,3
E00058718,348,157,129,38,18,6
E00058719,433,215,147,55,11,5
E00058720,464,228,154,69,8,5
E00058721,323,172,102,35,9,5
E00058722,209,91,62,31,17,8
E00058723,309,176,99,28,3,3
E00058724,305,172,105,26,2,0
E00058725,212,126,54,25,3,4
E00058726,213,78,46,77,6,6
E00058727,317,211,82,20,3,1
E00058728,179,85,60,29,4,1
E00058729,272,174,66,22,8,2
E00058730,240,146,68,23,3,0
E00058731,279,182,66,24,7,0
E00058732,321,199,96,20,4,2
E00058733,268,140,91,32,3,2
E00058734,383,198,141,35,5,4
E00058735,228,110,74,39,3,2
E00058736,333,194,105,28,5,1
E00058737,114,59,45,5,5,0
E00058738,258,123,100,29,5,1
E00058739,246,135,80,25,6,0
E00058740,287,148,107,29,2,1
E00058741,155,61,54,20,16,4
E00058742,320,159,112,37,12,0
E00058743,308,140,83,50,32,3
E00058744,461,276,121,36,24,4
E00058745,317,137,94,53,24,9
E00058746,325,188,83,36,15,3
E00058747,307,152,98,41,14,2
E00058748,252,124,76,38,10,4
E00058749,348,155,120,41,26,6
E00058750,236,94,91,33,13,5
E00058751,169,29,48,59,25,8
E00058752,263,89,75,62,27,10
E00058753,379,159,130,56,24,10
E00058754,267,110,96,37,14,10
E00058755,325,153,98,45,24,5
E00058756,227,112,62,33,16,4
E00058757,253,103,67,53,25,5
E00058759,260,126,93,24,10,7
E00058760,175,68,60,28,11,8
E00058761,198,102,71,20,4,1
E00058762,356,175,115,47,15,4
E00058764,307,150,101,36,15,5
E00058765,291,134,96,43,14,4
E00058766,408,193,132,58,22,3
E00058767,310,137,112,47,10,4
E00058768,248,87,84,52,20,5
E00058769,441,200,160,53,23,5
E00058770,264,107,100,33,13,11
E00058771,336,158,130,39,7,2
E00058772,246,128,72,37,6,3
E00058773,217,89,69,42,15,2
E00058774,241,106,82,35,13,5
E00058775,300,157,96,32,11,4
E00058776,351,151,131,52,10,7
E00058777,242,120,90,26,4,2
E00058778,265,95,100,50,16,4
E00058779,284,143,77,44,15,5
E00058780,345,140,114,58,27,6
E00058781,306,157,102,28,12,7
E00058782,293,121,98,56,10,8
E00058783,290,123,95,53,14,5
E00058784,298,91,98,63,39,7
E00058785,210,60,55,55,31,9
E00058786,214,66,78,48,17,5
E00058787,264,90,81,63,23,7
E00058788,248,27,55,86,64,16
E00058789,270,104,104,42,17,3
E00058790,270,85,83,62,29,11
E00058791,286,102,98,59,21,6
E00058792,324,160,96,39,18,11
E00058793,286,108,101,41,23,13
E00058794,279,64,106,83,22,4
E00058795,279,109,93,54,20,3
E00058796,248,99,84,49,15,1
E00058797,247,80,98,50,15,4
E00058798,241,108,85,25,16,7
E00058799,291,129,95,41,21,5
E00058800,263,137,94,29,3,0
E00058801,278,169,83,13,9,4
E00058802,164,88,61,14,1,0
E00058803,186,64,56,46,13,7
E00058805,350,174,114,47,13,2
E00058806,382,201,118,43,14,6
E00058807,323,136,102,48,26,11
E00058808,441,179,175,64,18,5
E00058809,383,184,140,44,11,4
E00058810,424,224,150,35,13,2
E00058811,292,162,102,23,3,2
E00058812,408,188,133,63,17,7
E00058813,222,102,70,30,14,6
E00058814,228,156,65,4,3,0
E00058815,218,130,70,13,4,1
E00058816,310,151,95,40,18,6
E00058817,479,267,141,58,10,3
E00058818,303,181,86,29,7,0
E00058821,391,233,126,22,4,6
E00058823,221,118,77,20,3,3
E00058826,274,186,69,13,4,2
E00058827,157,94,53,9,1,0
E00058828,259,165,74,14,4,2
E00058829,141,61,48,18,6,8
E00058830,154,85,44,12,11,2
E00058831,141,79,54,5,3,0
E00058832,295,147,96,33,13,6
E00058833,179,103,61,12,1,2
E00058834,201,111,64,22,2,2
E00058836,162,81,44,20,10,7
E00058837,268,106,107,30,18,7
E00058838,337,154,112,48,16,7
E00058839,144,40,56,27,16,5
E00058840,247,105,91,29,14,8
E00058842,355,212,104,30,9,0
E00058843,215,112,57,30,14,2
E00058844,249,130,83,22,10,4
E00058847,242,102,94,23,15,8
E00058849,280,125,101,41,13,0
E00058850,252,101,95,40,12,4
E00058851,179,74,53,28,15,9
E00058852,231,112,76,26,13,4
E00058853,257,140,76,24,13,4
E00058854,356,163,122,49,13,9
E00058855,519,282,175,49,12,1
E00058856,454,250,169,26,6,3
E00058858,291,116,97,47,17,14
E00058859,134,64,52,16,2,0
E00058861,166,50,62,34,19,1
E00058862,274,144,91,26,13,0
E00058864,333,133,125,49,22,4
E00058865,295,75,86,83,41,10
E00058866,1018,663,307,44,4,0
E00058867,142,32,56,34,13,7
E00058869,185,81,71,25,7,1
E00058870,318,167,112,31,6,2
E00058871,135,42,31,36,18,8
E00058872,354,196,122,23,8,5
E00058873,163,70,62,19,7,5
E00058874,240,107,89,32,10,2
E00058875,134,24,45,34,27,4
E00058876,200,84,82,23,7,4
E00058877,321,150,120,32,15,4
E00058878,245,96,86,38,20,5
E00058879,284,151,91,27,11,4
E00058880,296,121,119,27,19,10
E00058881,587,312,223,39,13,0
E00058884,127,80,37,8,2,0
E00058885,222,139,66,13,2,2
E00058887,365,171,119,48,23,4
E00058889,233,120,64,30,14,5
E00058890,228,113,65,31,13,6
E00058891,207,106,72,21,8,0
E00058892,131,75,44,8,3,1
E00058893,271,147,102,11,10,1
E00058894,336,198,120,16,2,0
E00058895,210,142,53,12,3,0
E00058896,305,176,90,34,1,4
E00058897,320,195,91,29,3,2
E00058898,326,183,111,27,3,2
E00058899,1198,751,401,45,1,0
E00058900,309,137,115,43,11,3
E00058902,547,271,202,58,12,4
E00058903,297,96,101,68,25,7
E00058904,403,224,122,42,13,2
E00058905,208,135,49,19,4,1
E00058906,258,123,99,27,8,1
E00058907,364,204,118,33,7,2
E00058909,174,92,59,15,6,2
E00058910,281,170,81,20,9,1
E00058911,357,162,104,67,20,4
E00058912,305,141,78,62,21,3
E00058913,137,79,41,13,3,1
E00058914,299,161,109,19,8,2
E00058915,182,106,48,21,6,1
E00058917,300,163,98,30,7,2
E00058918,229,94,63,44,22,6
E00058919,380,234,102,35,9,0
E00058920,129,45,42,32,7,3
E00058921,226,153,54,14,3,2
E00058922,189,68,45,47,20,9
E00058923,252,135,74,33,6,4
E00058924,246,124,82,30,9,1
E00058925,233,117,76,26,13,1
E00058926,388,211,133,33,10,1
E00058927,200,119,66,13,2,0
E00058928,266,166,73,21,3,3
E00058929,234,138,77,18,1,0
E00058930,216,120,74,18,3,1
E00058931,307,210,77,15,4,1
E00058932,303,134,106,49,8,6
E00058933,281,113,80,53,20,15
E00058934,266,143,84,32,4,3
E00058935,216,55,72,63,23,3
E00058936,240,108,81,39,8,4
E00058937,305,110,75,58,25,37
E00058938,245,100,88,41,13,3
E00058939,190,62,64,40,20,4
E00058940,173,88,45,25,10,5
E00058941,231,114,66,42,8,1
E00058942,292,153,101,26,12,0
E00058943,197,100,66,27,4,0
E00058944,277,141,97,25,10,4
E00058945,336,170,125,30,9,2
E00058947,348,164,136,32,10,6
E00058948,238,133,72,25,8,0
E00058949,291,127,99,43,14,8
E00058950,367,186,119,42,14,6
E00058951,267,137,96,22,10,2
E00058952,260,85,78,62,23,12
E00058953,236,89,84,37,21,5
E00058954,271,118,81,51,18,3
E00058955,281,142,89,35,13,2
E00058956,165,83,50,22,6,4
E00058957,363,210,99,42,10,2
E00058958,198,74,64,40,16,4
E00058959,293,183,94,14,2,0
E00058960,228,116,81,24,4,3
E00058961,345,193,98,43,8,3
E00058962,343,184,129,23,5,2
E00058963,339,224,79,28,8,0
E00058964,360,188,114,43,12,3
E00058965,456,254,149,43,8,2
E00058966,322,169,97,34,16,6
E00058967,360,210,110,34,5,1
E00058968,367,206,113,38,7,3
E00058969,236,115,83,32,6,0
E00058970,273,131,85,40,12,5
E00058971,330,193,88,35,12,2
E00058972,299,151,107,30,8,3
E00058973,292,158,99,27,8,0
E00058974,258,94,101,47,14,2
E00058975,275,88,85,67,23,12
E00058976,316,150,84,66,14,2
E00058977,287,131,101,37,14,4
E00058978,310,149,106,39,10,6
E00058979,262,119,86,39,13,5
E00058980,251,115,89,36,8,3
E00058981,323,188,98,31,5,1
E00058982,291,168,93,24,6,0
E00058983,268,136,95,19,17,1
E00058984,310,160,103,40,7,0
E00058985,167,90,55,17,3,2
E00058986,305,171,101,30,3,0
E00058987,309,130,107,54,17,1
E00058988,256,146,67,35,5,3
E00058989,381,228,118,24,10,1
E00058990,272,132,110,24,5,1
E00058991,260,112,85,43,16,4
E00058992,262,120,109,26,6,1
E00058993,231,110,80,30,9,2
E00058994,378,229,119,25,5,0
E00058995,349,204,105,29,9,2
E00058996,327,191,95,33,6,2
E00058997,295,175,92,20,7,1
E00058998,334,222,93,17,2,0
E00058999,235,132,74,22,6,1
E00059000,247,111,91,36,9,0
E00059001,284,169,80,28,6,1
E00059002,323,179,108,30,5,1
E00059003,219,101,67,41,7,3
E00059004,259,123,96,24,13,3
E00059005,353,183,132,30,8,0
E00059006,283,176,78,24,5,0
E00059007,251,141,82,20,6,2
E00059008,311,167,98,40,6,0
E00059010,225,130,70,20,4,1
E00059011,345,152,123,52,11,7
E00059012,278,137,104,29,6,2
E00059013,346,172,119,42,12,1
E00059014,324,135,133,42,10,4
E00059015,452,280,119,45,6,2
E00059016,295,158,102,33,2,0
E00059017,215,65,75,53,18,4
E00059018,294,126,113,39,15,1
E00059019,281,120,111,38,8,4
E00059020,302,177,95,23,6,1
E00059021,269,147,84,30,7,1
E00059022,294,162,97,22,11,2
E00059023,295,154,105,24,11,1
E00059024,308,181,85,31,11,0
E00059025,512,260,187,56,8,1
E00059026,248,114,101,22,9,2
E00059027,196,105,72,17,2,0
E00059028,269,110,103,36,17,3
E00059029,237,101,89,33,11,3
E00059030,281,154,82,36,6,3
E00059031,276,167,79,22,5,3
E00059032,317,162,107,38,7,3
E00059033,233,112,95,24,2,0
E00059034,250,105,98,31,10,6
E00059035,187,49,66,50,18,4
E00059036,281,110,113,45,9,4
E00059037,267,111,111,39,6,0
E00059038,284,180,79,21,1,3
E00059039,245,135,75,30,4,1
E00059040,326,140,116,40,21,9
E00059041,238,92,91,40,10,5
E00059042,283,130,111,30,9,3
E00059043,183,49,64,50,18,2
E00059044,305,138,115,40,9,3
E00059045,286,158,88,32,4,4
E00059047,176,58,52,39,24,3
E00059048,284,115,103,48,16,2
E00059049,292,118,109,51,7,7
E00059050,338,126,122,67,19,4
E00059051,428,134,143,94,42,15
E00059052,268,112,98,44,12,2
E00059053,258,113,96,30,13,6
E00059054,358,193,127,30,8,0
E00059055,302,143,97,43,17,2
E00059056,261,98,99,38,19,7
E00059057,332,173,111,36,10,2
E00059058,262,104,99,42,12,5
E00059059,295,124,112,43,12,4
E00059060,304,142,109,38,14,1
E00059061,203,65,59,46,29,4
E00059062,238,119,77,30,10,2
E00059063,328,177,97,37,17,0
E00059064,337,172,110,40,6,9
E00059065,330,147,113,55,11,4
E00059066,246,137,67,22,17,3
E00059067,232,101,80,32,14,5
E00059068,323,169,105,37,10,2
E00059069,292,130,101,36,18,7
E00059070,261,117,86,39,14,5
E00059071,289,120,116,36,13,4
E00059072,312,143,110,40,16,3
E00059073,292,114,107,49,20,2
E00059074,249,116,86,33,10,4
E00059075,255,103,91,43,15,3
E00059076,301,135,97,50,14,5
E00059077,198,46,51,65,29,7
E00059078,209,76,72,43,15,3
E00059079,125,45,35,25,15,5
E00059080,312,174,86,31,14,7
E00059081,324,157,123,29,12,3
E00059082,449,270,119,42,14,4
E00059083,307,113,128,45,16,5
E00059084,294,120,118,43,13,0
E00059085,250,84,89,52,16,9
E00059086,246,102,88,35,17,4
E00059087,290,151,91,35,11,2
E00059088,319,142,98,50,21,8
E00059089,323,152,108,44,14,5
E00059090,400,208,129,44,15,4
E00059091,314,109,95,54,27,29
E00059092,360,145,113,60,32,10
E00059093,234,84,84,40,23,3
E00059094,328,137,126,51,11,3
E00059095,267,112,91,42,20,2
E00059096,310,156,102,36,10,6
E00059097,294,145,99,45,5,0
E00059098,127,58,42,22,3,2
E00059099,225,75,66,48,26,10
E00059100,252,133,89,24,6,0
E00059101,265,125,93,36,7,4
E00059102,350,180,129,33,7,1
E00059103,323,160,132,25,4,2
E00059104,293,122,118,42,6,5
E00059105,264,80,122,48,12,2
E00059106,338,169,115,43,9,2
E00059107,332,157,129,35,8,3
E00059108,316,131,123,45,15,2
E00059109,343,151,119,45,21,7
E00059110,279,111,109,45,12,2
E00059111,318,123,124,50,18,3
E00059112,309,130,102,47,23,7
E00059113,276,121,95,39,19,2
E00059114,239,107,96,27,7,2
E00059115,302,140,114,35,12,1
E00059116,231,77,82,39,29,4
E00059117,297,127,96,51,17,6
E00059118,288,115,102,47,18,6
E00059119,282,123,93,43,17,6
E00059120,301,146,106,35,12,2
E00059121,295,141,101,37,13,3
E00059122,299,125,101,42,19,12
E00059123,321,168,113,33,4,3
E00059124,433,211,161,41,15,5
E00059125,485,236,153,63,27,6
E00059126,284,134,95,39,15,1
E00059127,194,37,76,47,28,6
E00059128,271,124,93,34,18,2
E00059129,406,217,127,43,15,4
E00059130,328,155,126,38,8,1
E00059131,281,139,89,35,14,4
E00059132,217,106,78,29,4,0
E00059133,207,100,71,27,8,1
E00059134,313,94,120,68,24,7
E00059135,280,138,90,35,15,2
E00059136,210,83,83,32,9,3
E00059137,277,133,85,40,15,4
E00059138,181,66,70,33,11,1
E00059139,299,145,99,31,13,11
E00059140,277,107,101,50,13,6
E00059141,289,106,106,55,17,5
E00059142,261,112,82,50,14,3
E00059143,270,139,88,28,12,3
E00059144,288,142,98,40,7,1
E00059146,268,126,98,34,8,2
E00059147,216,51,90,47,25,3
E00059148,242,99,106,29,4,4
E00059149,327,142,110,47,23,5
E00059150,281,133,103,35,7,3
E00059151,282,108,109,47,15,3
E00059152,307,144,116,37,8,2
E00059153,286,118,116,36,10,6
E00059154,250,123,97,24,4,2
E00059155,227,84,87,29,24,3
E00059156,295,133,106,46,9,1
E00059157,129,66,39,16,6,2
E00059158,225,93,100,23,7,2
E00059159,236,84,84,49,14,5
E00059160,274,123,105,37,9,0
E00059161,269,139,98,26,6,0
E00059163,233,98,86,33,13,3
E00059164,205,107,74,17,5,2
E00059165,290,132,105,37,14,2
E00059166,269,141,85,32,9,2
E00059167,209,83,65,42,15,4
E00059168,276,114,88,58,15,1
E00059169,249,113,90,37,7,2
E00059170,201,107,63,21,8,2
E00059171,307,146,96,39,21,5
E00059172,197,56,73,35,28,5
E00059173,179,66,64,37,11,1
E00059174,295,120,100,52,16,7
E00059175,252,98,100,38,15,1
E00059176,367,185,115,46,19,2
E00059177,329,198,104,20,6,1
E00059178,300,126,101,52,17,4
E00059179,363,172,127,43,18,3
E00059180,298,150,118,21,8,1
E00059181,248,106,114,21,7,0
E00059182,254,138,79,32,4,1
E00059183,290,109,100,56,18,7
E00059184,259,89,84,48,24,14
E00059185,298,136,103,50,9,0
E00059186,286,117,81,62,22,4
E00059187,302,84,88,52,42,36
E00059188,272,77,83,75,25,12
E00165673,167,71,65,25,6,0
E00165674,270,110,87,48,20,5
E00165675,199,92,69,25,13,0
E00165676,316,124,134,44,10,4
E00165677,424,179,150,66,23,6
E00165678,170,67,57,26,12,8
E00165679,307,110,124,46,24,3
E00165680,344,189,118,30,2,5
E00165681,304,120,106,51,24,3
E00165682,222,111,65,33,8,5
E00165683,290,128,104,42,13,3
E00165684,352,141,151,47,11,2
E00165685,219,110,54,41,11,3
E00165686,253,131,73,35,14,0
E00165687,339,185,97,46,10,1
E00165688,157,101,49,7,0,0
E00165689,149,78,38,24,8,1
E00165690,311,105,102,61,31,12
E00165691,511,317,149,35,9,1
E00165692,272,118,79,44,26,5
E00165693,317,124,137,42,10,4
E00165694,236,71,91,46,20,8
E00165695,396,184,122,69,18,3
E00165696,245,140,82,18,4,1
E00169576,210,110,84,14,2,0
E00169578,220,123,67,25,3,2
E00169579,285,160,98,22,4,1
E00169581,293,210,63,16,2,2
E00169583,630,410,189,22,7,2
E00169584,230,147,69,9,5,0
E00169586,240,156,65,16,3,0
E00169587,319,148,114,42,10,5
E00169589,239,113,96,22,5,3
E00169590,306,200,89,13,2,2
E00169592,260,174,75,10,1,0
E00169593,228,147,64,14,2,1
E00169595,139,87,46,3,2,1
E00169597,585,387,175,20,1,2
E00169598,182,53,70,34,19,6
E00169600,305,152,82,47,20,4
E00169601,1093,691,353,46,2,1
E00169603,475,306,139,22,5,3
E00169604,158,96,55,6,0,1
E00169606,147,94,43,5,2,3
E00169607,360,169,131,36,17,7
E00169609,681,441,203,33,3,1
E00169611,811,515,264,29,3,0
E00169612,433,283,126,16,7,1
E00169614,2741,1579,971,159,25,7
E00169615,926,528,336,54,7,1
E00169617,434,222,170,31,7,4
E00169618,301,158,108,24,8,3
E00169620,426,212,134,53,20,7
E00169621,215,90,62,43,13,7
E00169623,267,155,93,15,4,0
E00169625,200,50,67,53,20,10
E00169626,462,311,133,12,5,1
E00169628,361,205,127,22,5,2
E00169629,301,164,110,22,4,1
E00169738,315,136,97,54,20,8
E00169739,484,196,179,80,26,3
E00169740,319,153,110,43,9,4
E00169741,314,109,138,48,19,0
E00169742,251,83,94,45,20,9
E00169743,617,342,216,45,12,2
E00169744,217,86,84,31,13,3
E00169745,217,102,72,25,12,6
E00169746,519,314,167,27,10,1
E00169747,465,263,172,25,4,1
E00169748,536,322,195,16,3,0
E00169749,329,161,124,31,7,6
E00169750,277,163,88,20,4,2
E00169751,193,90,59,26,15,3
E00169752,126,71,41,9,3,2
E00169753,270,150,94,20,5,1
E00169754,224,103,89,18,11,3
E00169755,352,210,93,32,12,5
E00169780,214,115,68,25,5,1
E00169782,126,58,55,11,1,1
E00169783,242,151,75,11,3,2
E00169785,1799,1112,610,59,15,3
E00169786,197,104,76,13,4,0
E00169788,421,243,151,23,2,2
E00169789,214,125,71,12,6,0
E00169791,166,96,58,12,0,0
E00169792,196,100,69,20,6,1
E00169794,298,188,90,16,3,1
E00169796,192,112,59,13,5,3
E00169797,161,84,66,9,2,0
E00169799,176,118,51,4,2,1
E00169800,202,119,71,7,5,0
E00169802,215,114,80,18,3,0
E00169803,167,108,52,6,1,0
E00169805,198,120,68,9,0,1
E00169806,167,39,49,40,31,8
E00169808,390,182,134,48,19,7
E00169810,231,152,67,10,2,0
E00169811,241,160,75,5,1,0
E00169813,205,118,71,16,0,0
E00169814,164,97,53,10,4,0
E00169816,295,189,93,11,2,0
E00169817,215,131,77,6,1,0
E00170032,134,90,35,6,3,0
E00170034,229,147,72,9,1,0
E00170035,157,99,47,8,2,1
E00170037,301,197,97,5,1,1
E00170038,653,388,238,24,3,0
E00170040,303,186,100,15,2,0
E00170041,610,184,225,137,52,12
E00170043,126,60,43,16,6,1
E00170044,121,51,43,16,8,3
E00170046,172,79,71,18,4,0
E00170048,111,64,35,9,3,0
E00170049,187,80,61,30,12,4
E00170051,203,120,69,13,1,0
E00170052,154,90,57,7,0,0
E00170054,186,119,60,4,2,1
E00170055,259,140,95,17,6,1
E00170057,199,121,69,9,0,0
E00170058,297,110,105,46,30,6
E00170259,176,70,58,29,17,2
E00170261,225,146,69,8,2,0
E00170262,549,366,154,23,4,2
E00170264,198,121,70,6,1,0
E00170265,293,183,95,12,3,0
E00170267,279,164,104,7,4,0
E00170268,335,198,121,15,0,1
E00170270,252,110,73,48,17,4
E00170271,567,251,214,74,19,9
E00170273,279,175,85,14,5,0
E00170275,298,147,101,31,16,3
E00170276,180,49,64,47,15,5
E00170278,133,52,50,21,9,1
E00170326,228,125,85,13,5,0
E00170327,301,98,99,63,38,3
E00170329,254,160,85,8,1,0
E00170331,401,238,132,24,6,1
E00170332,201,84,75,22,18,2
E00170433,169,74,64,19,9,3
E00170435,353,161,110,34,27,21
E00170436,254,126,94,27,7,0
E00170438,194,85,70,29,9,1
E00170439,271,157,94,18,2,0
E00170441,264,172,78,12,2,0
E00170443,271,181,72,15,3,0
E00170444,293,147,116,22,6,2
E00170446,161,80,57,18,5,1
E00170447,249,98,95,37,16,3
E00170449,213,127,67,18,0,1
E00170450,256,111,94,40,8,3
E00170452,246,117,90,29,6,4
E00170453,271,103,102,45,16,5
E00170455,251,85,99,50,15,2
E00170457,237,100,64,44,24,5
E00170458,156,45,80,24,5,2
E00170459,323,227,74,17,3,2
E00170460,210,116,65,21,6,2
E00170461,285,180,91,11,3,0
E00170462,202,127,59,13,2,1
E00170463,230,148,66,10,3,3
E00170464,199,112,74,8,3,2
E00170465,331,165,117,42,6,1
E00170466,249,113,64,38,25,9
E00170467,315,130,110,55,17,3
E00170468,227,135,65,20,3,4
E00170469,288,180,97,8,3,0
E00170470,192,119,50,18,4,1
E00170471,332,228,90,13,0,1
E00170472,240,144,76,13,7,0
E00170473,322,205,85,27,5,0
E00170474,144,66,51,22,4,1
E00170475,145,60,71,11,2,1
E00170476,199,86,78,22,10,3
E00170564,262,151,90,13,5,3
E00170565,272,176,81,10,4,1
E00170567,274,162,93,12,6,1
E00170568,156,44,50,43,13,6
E00170570,282,156,94,23,7,2
E00170572,284,128,105,36,13,2
E00170573,182,110,63,4,3,2
E00170575,320,189,100,25,5,1
E00170576,238,144,77,13,3,1
E00170578,187,86,67,23,6,5
E00170579,216,89,98,22,4,3
E00170581,711,372,263,52,12,12
E00170582,421,244,132,37,6,2
E00170584,283,142,79,39,18,5
E00170586,166,47,51,37,26,5
E00170587,223,141,70,10,2,0
E00170589,309,166,100,35,7,1
E00170590,273,173,75,24,0,1
E00170592,191,120,56,12,2,1
E00170593,985,329,413,183,46,14
E00170595,295,171,90,26,6,2
E00170596,153,57,68,22,3,3
E00170598,287,84,96,62,40,5
E00170600,318,148,120,39,8,3
E00170601,346,140,116,58,25,7
E00170603,287,131,86,40,19,11
E00170604,337,197,122,18,0,0
E00170606,269,153,89,18,6,3
E00170607,430,274,126,25,0,5
E00170609,179,106,63,6,4,0
E00170610,264,168,88,7,1,0
E00170612,224,146,69,9,0,0
E00170614,355,213,108,24,8,2
E00170615,256,162,83,7,3,1
E00170617,246,156,77,11,2,0
E00170618,252,115,78,39,16,4
E00170620,229,150,67,10,2,0
E00170621,216,126,59,25,4,2
E00170623,150,73,63,12,2,0
E00170887,259,173,69,12,2,3
E00170888,270,198,56,11,5,0
E00170889,394,222,107,46,15,4
E00170890,213,118,82,10,2,1
,,,,,,
,,,,,,
,,,,,,
,"In order to protect against disclosure of personal information, records",,,,,
,have been swapped between different geographic areas. Some counts will,,,,,
,"be affected, particularly small counts at the lowest geographies",,,,,